precinct_full_name,precinct_number,precinct_ward,tract_commarea_num,tract_countyfp,tract_geoid,tract_name,tract_statefp
39012,12,39,14,031,17031140302,1403.02,17
39039,39,39,13,031,17031130200,1302,17
40001,1,40,4,031,17031040202,402.02,17
40002,2,40,2,031,17031020801,208.01,17
40005,5,40,4,031,17031040201,402.01,17
40006,6,40,4,031,17031040201,402.01,17
40009,9,40,2,031,17031020902,209.02,17
40010,10,40,2,031,17031020802,208.02,17
40014,14,40,4,031,17031040202,402.02,17
40015,15,40,2,031,17031020801,208.01,17
40017,17,40,4,031,17031040300,403,17
40018,18,40,2,031,17031020901,209.01,17
40019,19,40,2,031,17031020801,208.01,17
40020,20,40,4,031,17031040202,402.02,17
40021,21,40,4,031,17031040100,401,17
40022,22,40,77,031,17031030400,304,17
40023,23,40,4,031,17031040100,401,17
40024,24,40,4,031,17031040202,402.02,17
40027,27,40,77,031,17031030300,303,17
40028,28,40,1,031,17031830600,8306,17
40029,29,40,2,031,17031020701,207.01,17
40030,30,40,4,031,17031040300,403,17
40031,31,40,77,031,17031030900,309,17
40032,32,40,4,031,17031040100,401,17
40033,33,40,77,031,17031030900,309,17
40034,34,40,4,031,17031040300,403,17
40036,36,40,77,031,17031030400,304,17
40037,37,40,77,031,17031030300,303,17
40035,35,40,2,031,17031020902,209.02,17
40026,26,40,77,031,17031030900,309,17
40003,3,40,4,031,17031040201,402.01,17
40011,11,40,4,031,17031040401,404.01,17
40008,8,40,4,031,17031040700,407,17
40007,7,40,4,031,17031040401,404.01,17
40012,12,40,4,031,17031040201,402.01,17
40013,13,40,4,031,17031040402,404.02,17
40016,16,40,4,031,17031040402,404.02,17
40025,25,40,3,031,17031031000,310,17
40038,38,40,4,031,17031040201,402.01,17
40004,4,40,2,031,17031020802,208.02,17
40039,39,40,2,031,17031020901,209.01,17
42003,3,42,28,031,17031281900,2819,17
42001,1,42,8,031,17031081202,812.02,17
42002,2,42,8,031,17031081403,814.03,17
42006,6,42,32,031,17031320100,3201,17
42009,9,42,32,031,17031839100,8391,17
42011,11,42,8,031,17031081403,814.03,17
42012,12,42,28,031,17031280100,2801,17
42013,13,42,32,031,17031320100,3201,17
42014,14,42,8,031,17031081800,818,17
42015,15,42,8,031,17031081800,818,17
42018,18,42,28,031,17031280100,2801,17
42019,19,42,8,031,17031081201,812.01,17
42021,21,42,28,031,17031280100,2801,17
42022,22,42,8,031,17031081500,815,17
42024,24,42,8,031,17031081201,812.01,17
42027,27,42,8,031,17031081600,816,17
42031,31,42,8,031,17031081403,814.03,17
42035,35,42,8,031,17031081401,814.01,17
42034,34,42,8,031,17031081201,812.01,17
42033,33,42,32,031,17031320400,3204,17
42032,32,42,8,031,17031081700,817,17
42030,30,42,32,031,17031320100,3201,17
42029,29,42,32,031,17031320100,3201,17
42028,28,42,32,031,17031320100,3201,17
42026,26,42,8,031,17031081403,814.03,17
42025,25,42,8,031,17031081500,815,17
42023,23,42,8,031,17031081500,815,17
42020,20,42,8,031,17031081600,816,17
42017,17,42,8,031,17031081800,818,17
42016,16,42,28,031,17031281900,2819,17
42008,8,42,8,031,17031081401,814.01,17
42007,7,42,8,031,17031081402,814.02,17
42004,4,42,8,031,17031081402,814.02,17
42005,5,42,8,031,17031081900,819,17
42036,36,42,28,031,17031280100,2801,17
42037,37,42,8,031,17031081800,818,17
42010,10,42,32,031,17031839100,8391,17
42038,38,42,8,031,17031081800,818,17
42039,39,42,8,031,17031081700,817,17
42040,40,42,32,031,17031320100,3201,17
42041,41,42,28,031,17031280100,2801,17
42042,42,42,32,031,17031320100,3201,17
44001,1,44,6,031,17031063200,632,17
44003,3,44,6,031,17031061902,619.02,17
44004,4,44,6,031,17031063302,633.02,17
44005,5,44,6,031,17031063200,632,17
44006,6,44,6,031,17031063100,631,17
44007,7,44,6,031,17031063303,633.03,17
44008,8,44,6,031,17031063302,633.02,17
44009,9,44,6,031,17031062300,623,17
44010,10,44,6,031,17031062900,629,17
44011,11,44,6,031,17031061500,615,17
44012,12,44,6,031,17031061901,619.01,17
44014,14,44,6,031,17031063000,630,17
44015,15,44,6,031,17031061901,619.01,17
44016,16,44,6,031,17031060400,604,17
44017,17,44,6,031,17031063200,632,17
44019,19,44,6,031,17031061902,619.02,17
44020,20,44,6,031,17031062100,621,17
44021,21,44,6,031,17031063100,631,17
44022,22,44,6,031,17031061901,619.01,17
44023,23,44,6,031,17031063301,633.01,17
44024,24,44,6,031,17031063302,633.02,17
44025,25,44,6,031,17031060400,604,17
44026,26,44,6,031,17031832000,8320,17
44027,27,44,6,031,17031062900,629,17
44029,29,44,6,031,17031063000,630,17
44031,31,44,6,031,17031061100,611,17
44032,32,44,6,031,17031061200,612,17
44033,33,44,6,031,17031062000,620,17
44035,35,44,6,031,17031063200,632,17
44036,36,44,6,031,17031062100,621,17
44037,37,44,6,031,17031062000,620,17
44038,38,44,6,031,17031832000,8320,17
44039,39,44,6,031,17031062200,622,17
44040,40,44,6,031,17031062900,629,17
44041,41,44,6,031,17031063301,633.01,17
44034,34,44,6,031,17031062100,621,17
44030,30,44,6,031,17031831900,8319,17
44028,28,44,6,031,17031061901,619.01,17
44018,18,44,6,031,17031063400,634,17
44013,13,44,6,031,17031062300,623,17
44002,2,44,6,031,17031062400,624,17
46001,1,46,3,031,17031031700,317,17
46004,4,46,3,031,17031830700,8307,17
46005,5,46,6,031,17031832100,8321,17
46006,6,46,3,031,17031031200,312,17
46007,7,46,3,031,17031031400,314,17
46008,8,46,3,031,17031830700,8307,17
46009,9,46,3,031,17031032100,321,17
46010,10,46,6,031,17031061000,610,17
46011,11,46,3,031,17031032100,321,17
46012,12,46,3,031,17031031700,317,17
46013,13,46,3,031,17031031400,314,17
46015,15,46,3,031,17031031400,314,17
46016,16,46,3,031,17031031700,317,17
46017,17,46,3,031,17031031400,314,17
46018,18,46,6,031,17031060800,608,17
46020,20,46,3,031,17031830700,8307,17
46022,22,46,3,031,17031031501,315.01,17
46023,23,46,3,031,17031031502,315.02,17
46024,24,46,6,031,17031060800,608,17
46025,25,46,3,031,17031031700,317,17
46026,26,46,3,031,17031031502,315.02,17
46027,27,46,3,031,17031830700,8307,17
46028,28,46,6,031,17031060800,608,17
46029,29,46,3,031,17031031400,314,17
46030,30,46,6,031,17031060900,609,17
46031,31,46,6,031,17031061800,618,17
46032,32,46,3,031,17031031501,315.01,17
46033,33,46,6,031,17031060900,609,17
46034,34,46,3,031,17031032100,321,17
46035,35,46,3,031,17031032100,321,17
46036,36,46,6,031,17031060900,609,17
46037,37,46,3,031,17031031200,312,17
46038,38,46,6,031,17031832100,8321,17
46039,39,46,6,031,17031060900,609,17
46040,40,46,3,031,17031031300,313,17
46021,21,46,3,031,17031031501,315.01,17
46019,19,46,6,031,17031060900,609,17
46014,14,46,3,031,17031031502,315.02,17
46003,3,46,6,031,17031060900,609,17
46002,2,46,3,031,17031031700,317,17
50008,8,50,2,031,17031020100,201,17
50001,1,50,2,031,17031020200,202,17
50002,2,50,2,031,17031020200,202,17
50004,4,50,2,031,17031020200,202,17
50005,5,50,2,031,17031020200,202,17
50007,7,50,2,031,17031020400,204,17
50009,9,50,2,031,17031020200,202,17
50010,10,50,2,031,17031020601,206.01,17
50011,11,50,2,031,17031020301,203.01,17
50012,12,50,2,031,17031020301,203.01,17
50013,13,50,2,031,17031020500,205,17
50014,14,50,2,031,17031020301,203.01,17
50015,15,50,2,031,17031020302,203.02,17
50016,16,50,2,031,17031020301,203.01,17
50017,17,50,2,031,17031020702,207.02,17
50006,6,50,2,031,17031020302,203.02,17
50019,19,50,2,031,17031020602,206.02,17
50020,20,50,2,031,17031020602,206.02,17
50021,21,50,2,031,17031020602,206.02,17
50023,23,50,2,031,17031020702,207.02,17
50026,26,50,2,031,17031020702,207.02,17
50025,25,50,13,031,17031130100,1301,17
50029,29,50,2,031,17031020802,208.02,17
50027,27,50,2,031,17031020301,203.01,17
50028,28,50,1,031,17031830600,8306,17
50018,18,50,2,031,17031020301,203.01,17
50031,31,50,2,031,17031020901,209.01,17
50022,22,50,2,031,17031020601,206.01,17
50032,32,50,2,031,17031020901,209.01,17
50035,35,50,2,031,17031020400,204,17
50036,36,50,2,031,17031020601,206.01,17
50037,37,50,2,031,17031020400,204,17
50038,38,50,2,031,17031020301,203.01,17
50039,39,50,2,031,17031020702,207.02,17
50040,40,50,2,031,17031020301,203.01,17
50033,33,50,2,031,17031020301,203.01,17
50034,34,50,2,031,17031020302,203.02,17
50030,30,50,2,031,17031020802,208.02,17
50024,24,50,13,031,17031130100,1301,17
50003,3,50,2,031,17031020200,202,17
03017,17,3,33,031,17031841000,8410,17
03018,18,3,35,031,17031839200,8392,17
03019,19,3,33,031,17031330100,3301,17
03022,22,3,33,031,17031330100,3301,17
03021,21,3,33,031,17031330100,3301,17
03026,26,3,33,031,17031330200,3302,17
03027,27,3,33,031,17031330100,3301,17
03032,32,3,33,031,17031330100,3301,17
03033,33,3,33,031,17031330100,3301,17
03034,34,3,33,031,17031330100,3301,17
03035,35,3,35,031,17031839600,8396,17
03039,39,3,33,031,17031330100,3301,17
03001,1,3,38,031,17031381700,3817,17
03002,2,3,38,031,17031380200,3802,17
03003,3,3,33,031,17031841000,8410,17
03004,4,3,38,031,17031836000,8360,17
03005,5,3,37,031,17031835600,8356,17
03006,6,3,33,031,17031330100,3301,17
03007,7,3,35,031,17031839500,8395,17
03008,8,3,40,031,17031400300,4003,17
03009,9,3,38,031,17031835800,8358,17
03010,10,3,61,031,17031843800,8438,17
03011,11,3,38,031,17031381400,3814,17
03012,12,3,38,031,17031380200,3802,17
03014,14,3,33,031,17031330100,3301,17
03015,15,3,38,031,17031380700,3807,17
03016,16,3,40,031,17031836100,8361,17
03020,20,3,38,031,17031835900,8359,17
03023,23,3,35,031,17031351400,3514,17
03024,24,3,38,031,17031380500,3805,17
03029,29,3,34,031,17031340600,3406,17
03030,30,3,38,031,17031381200,3812,17
03031,31,3,38,031,17031381800,3818,17
03036,36,3,37,031,17031835600,8356,17
03037,37,3,38,031,17031381800,3818,17
03038,38,3,35,031,17031839600,8396,17
03041,41,3,35,031,17031842000,8420,17
03025,25,3,33,031,17031330100,3301,17
03013,13,3,33,031,17031330200,3302,17
03028,28,3,37,031,17031835500,8355,17
03040,40,3,33,031,17031330100,3301,17
04013,13,4,32,031,17031839100,8391,17
04002,2,4,32,031,17031320600,3206,17
04016,16,4,32,031,17031839000,8390,17
04006,6,4,33,031,17031330100,3301,17
04017,17,4,32,031,17031839000,8390,17
04020,20,4,32,031,17031839000,8390,17
04014,14,4,35,031,17031839200,8392,17
04021,21,4,32,031,17031839100,8391,17
04025,25,4,33,031,17031330100,3301,17
04001,1,4,41,031,17031410700,4107,17
04003,3,4,40,031,17031836100,8361,17
04004,4,4,36,031,17031836400,8364,17
04005,5,4,39,031,17031390200,3902,17
04007,7,4,36,031,17031836400,8364,17
04008,8,4,38,031,17031381900,3819,17
04009,9,4,39,031,17031390700,3907,17
04011,11,4,35,031,17031351100,3511,17
04012,12,4,38,031,17031843600,8436,17
04015,15,4,39,031,17031390200,3902,17
04018,18,4,38,031,17031380100,3801,17
04019,19,4,35,031,17031351100,3511,17
04022,22,4,39,031,17031390600,3906,17
04023,23,4,39,031,17031390600,3906,17
04024,24,4,39,031,17031390500,3905,17
04032,32,4,38,031,17031380100,3801,17
04030,30,4,36,031,17031360200,3602,17
04029,29,4,38,031,17031836000,8360,17
04026,26,4,39,031,17031390400,3904,17
04031,31,4,39,031,17031390700,3907,17
04027,27,4,39,031,17031390700,3907,17
04033,33,4,39,031,17031390400,3904,17
04034,34,4,39,031,17031390300,3903,17
04035,35,4,35,031,17031351000,3510,17
04037,37,4,32,031,17031839000,8390,17
04036,36,4,35,031,17031351000,3510,17
04038,38,4,35,031,17031839500,8395,17
05004,4,5,41,031,17031836300,8363,17
05007,7,5,39,031,17031390700,3907,17
05009,9,5,41,031,17031410600,4106,17
05019,19,5,41,031,17031410700,4107,17
05020,20,5,41,031,17031410100,4101,17
05021,21,5,41,031,17031410600,4106,17
05022,22,5,39,031,17031390700,3907,17
05001,1,5,43,031,17031430101,4301.01,17
05002,2,5,69,031,17031841800,8418,17
05003,3,5,41,031,17031410600,4106,17
05005,5,5,42,031,17031843900,8439,17
05006,6,5,43,031,17031430600,4306,17
05008,8,5,41,031,17031411100,4111,17
05010,10,5,43,031,17031430200,4302,17
05011,11,5,41,031,17031410900,4109,17
05012,12,5,43,031,17031430400,4304,17
05013,13,5,42,031,17031843900,8439,17
05014,14,5,43,031,17031430600,4306,17
05015,15,5,41,031,17031836200,8362,17
05016,16,5,42,031,17031420800,4208,17
05017,17,5,43,031,17031430200,4302,17
05018,18,5,41,031,17031410900,4109,17
05026,26,5,43,031,17031430102,4301.02,17
05027,27,5,41,031,17031836200,8362,17
05028,28,5,43,031,17031430200,4302,17
05029,29,5,43,031,17031430102,4301.02,17
05031,31,5,43,031,17031430101,4301.01,17
05032,32,5,42,031,17031843900,8439,17
05033,33,5,42,031,17031420100,4201,17
05035,35,5,41,031,17031411000,4110,17
05036,36,5,43,031,17031430500,4305,17
05037,37,5,41,031,17031411000,4110,17
05039,39,5,41,031,17031411200,4112,17
05038,38,5,43,031,17031430101,4301.01,17
05034,34,5,41,031,17031411100,4111,17
05030,30,5,69,031,17031841800,8418,17
05025,25,5,42,031,17031420100,4201,17
05024,24,5,41,031,17031410800,4108,17
05023,23,5,41,031,17031410900,4109,17
05040,40,5,42,031,17031843900,8439,17
05041,41,5,41,031,17031411000,4110,17
06001,1,6,44,031,17031440300,4403,17
06003,3,6,44,031,17031440202,4402.02,17
06004,4,6,69,031,17031690300,6903,17
06005,5,6,68,031,17031681200,6812,17
06006,6,6,69,031,17031691000,6910,17
06007,7,6,69,031,17031690500,6905,17
06008,8,6,69,031,17031691300,6913,17
06011,11,6,69,031,17031690400,6904,17
06012,12,6,68,031,17031681200,6812,17
06013,13,6,44,031,17031440700,4407,17
06014,14,6,69,031,17031691400,6914,17
06015,15,6,68,031,17031681200,6812,17
06016,16,6,69,031,17031691300,6913,17
06018,18,6,69,031,17031690300,6903,17
06019,19,6,69,031,17031691200,6912,17
06029,29,6,44,031,17031440300,4403,17
06030,30,6,69,031,17031690900,6909,17
06031,31,6,44,031,17031440202,4402.02,17
06032,32,6,69,031,17031691000,6910,17
06033,33,6,69,031,17031690900,6909,17
06034,34,6,44,031,17031440201,4402.01,17
06035,35,6,69,031,17031691300,6913,17
06037,37,6,44,031,17031440300,4403,17
06039,39,6,69,031,17031690900,6909,17
06041,41,6,44,031,17031440300,4403,17
06043,43,6,69,031,17031691400,6914,17
06044,44,6,44,031,17031440201,4402.01,17
06045,45,6,44,031,17031440202,4402.02,17
06048,48,6,69,031,17031691000,6910,17
06047,47,6,69,031,17031691100,6911,17
06046,46,6,69,031,17031691400,6914,17
06042,42,6,44,031,17031440201,4402.01,17
06040,40,6,69,031,17031690900,6909,17
06038,38,6,44,031,17031440202,4402.02,17
06036,36,6,44,031,17031440202,4402.02,17
06028,28,6,68,031,17031681000,6810,17
06027,27,6,68,031,17031681400,6814,17
06026,26,6,68,031,17031681100,6811,17
06025,25,6,68,031,17031681400,6814,17
06024,24,6,68,031,17031681000,6810,17
06023,23,6,68,031,17031681100,6811,17
06022,22,6,67,031,17031671800,6718,17
06021,21,6,67,031,17031834900,8349,17
06020,20,6,71,031,17031710100,7101,17
06017,17,6,68,031,17031681300,6813,17
06010,10,6,68,031,17031681300,6813,17
06009,9,6,69,031,17031690400,6904,17
06002,2,6,44,031,17031440300,4403,17
07003,3,7,43,031,17031430800,4308,17
07001,1,7,43,031,17031430500,4305,17
07002,2,7,43,031,17031430500,4305,17
07033,33,7,48,031,17031480500,4805,17
07029,29,7,46,031,17031460400,4604,17
07017,17,7,43,031,17031431301,4313.01,17
07030,30,7,46,031,17031460301,4603.01,17
07031,31,7,46,031,17031460600,4606,17
07020,20,7,46,031,17031460302,4603.02,17
07004,4,7,43,031,17031430800,4308,17
07013,13,7,43,031,17031431400,4314,17
07035,35,7,48,031,17031480500,4805,17
07010,10,7,43,031,17031431200,4312,17
07018,18,7,43,031,17031431400,4314,17
07034,34,7,48,031,17031480500,4805,17
07011,11,7,43,031,17031431302,4313.02,17
07016,16,7,43,031,17031431301,4313.01,17
07021,21,7,46,031,17031460100,4601,17
07019,19,7,46,031,17031460400,4604,17
07028,28,7,46,031,17031460301,4603.01,17
07044,44,7,51,031,17031510200,5102,17
07007,7,7,43,031,17031431302,4313.02,17
07040,40,7,51,031,17031510300,5103,17
07027,27,7,46,031,17031460400,4604,17
07023,23,7,46,031,17031460400,4604,17
07012,12,7,43,031,17031431302,4313.02,17
07014,14,7,43,031,17031431400,4314,17
07022,22,7,46,031,17031460100,4601,17
07025,25,7,46,031,17031460100,4601,17
07006,6,7,43,031,17031430700,4307,17
07039,39,7,51,031,17031510300,5103,17
07042,42,7,51,031,17031510300,5103,17
07038,38,7,51,031,17031510300,5103,17
07032,32,7,48,031,17031480400,4804,17
07005,5,7,43,031,17031430700,4307,17
07037,37,7,48,031,17031480400,4804,17
07024,24,7,46,031,17031460302,4603.02,17
07008,8,7,43,031,17031431400,4314,17
07043,43,7,51,031,17031510200,5102,17
07015,15,7,46,031,17031460500,4605,17
07026,26,7,46,031,17031460500,4605,17
07036,36,7,48,031,17031480400,4804,17
07045,45,7,51,031,17031838800,8388,17
07041,41,7,51,031,17031510300,5103,17
07046,46,7,48,031,17031480500,4805,17
08001,1,8,43,031,17031430400,4304,17
08002,2,8,43,031,17031430400,4304,17
08021,21,8,43,031,17031834200,8342,17
08015,15,8,44,031,17031440900,4409,17
08016,16,8,69,031,17031691500,6915,17
08003,3,8,48,031,17031480400,4804,17
08004,4,8,48,031,17031480100,4801,17
08005,5,8,48,031,17031480400,4804,17
08006,6,8,45,031,17031834300,8343,17
08007,7,8,46,031,17031460500,4605,17
08008,8,8,48,031,17031480100,4801,17
08010,10,8,45,031,17031834300,8343,17
08011,11,8,46,031,17031460500,4605,17
08012,12,8,48,031,17031480300,4803,17
08013,13,8,43,031,17031834200,8342,17
08014,14,8,44,031,17031440102,4401.02,17
08017,17,8,48,031,17031480100,4801,17
08018,18,8,44,031,17031440101,4401.01,17
08019,19,8,48,031,17031480100,4801,17
08009,9,8,43,031,17031431200,4312,17
08020,20,8,43,031,17031834200,8342,17
08024,24,8,46,031,17031460500,4605,17
08027,27,8,48,031,17031480400,4804,17
08028,28,8,43,031,17031431200,4312,17
08029,29,8,45,031,17031834300,8343,17
08030,30,8,45,031,17031450300,4503,17
08031,31,8,44,031,17031440900,4409,17
08032,32,8,50,031,17031500100,5001,17
08033,33,8,47,031,17031470100,4701,17
08034,34,8,50,031,17031500100,5001,17
08035,35,8,48,031,17031480200,4802,17
08036,36,8,46,031,17031460500,4605,17
08038,38,8,47,031,17031470100,4701,17
08039,39,8,50,031,17031500100,5001,17
08040,40,8,44,031,17031440102,4401.02,17
08043,43,8,69,031,17031691500,6915,17
08046,46,8,46,031,17031460500,4605,17
08047,47,8,50,031,17031500100,5001,17
08049,49,8,45,031,17031450300,4503,17
08050,50,8,45,031,17031450300,4503,17
08051,51,8,45,031,17031450300,4503,17
08052,52,8,45,031,17031834300,8343,17
08037,37,8,45,031,17031834300,8343,17
08048,48,8,45,031,17031834300,8343,17
08045,45,8,44,031,17031440101,4401.01,17
08044,44,8,45,031,17031834300,8343,17
08042,42,8,43,031,17031430900,4309,17
08056,56,8,48,031,17031480200,4802,17
08026,26,8,69,031,17031691500,6915,17
08025,25,8,44,031,17031440800,4408,17
08022,22,8,50,031,17031500100,5001,17
08023,23,8,47,031,17031470100,4701,17
08053,53,8,46,031,17031460500,4605,17
08054,54,8,44,031,17031440101,4401.01,17
08055,55,8,45,031,17031834300,8343,17
08041,41,8,44,031,17031440102,4401.02,17
10006,6,10,51,031,17031510100,5101,17
10008,8,10,46,031,17031460700,4607,17
10015,15,10,51,031,17031510200,5102,17
10001,1,10,46,031,17031461000,4610,17
10002,2,10,55,031,17031550100,5501,17
10003,3,10,55,031,17031550100,5501,17
10004,4,10,46,031,17031460100,4601,17
10005,5,10,55,031,17031550100,5501,17
10007,7,10,51,031,17031510100,5101,17
10009,9,10,51,031,17031838800,8388,17
10010,10,10,52,031,17031520500,5205,17
10011,11,10,52,031,17031520300,5203,17
10012,12,10,52,031,17031520600,5206,17
10013,13,10,51,031,17031838800,8388,17
10014,14,10,52,031,17031520600,5206,17
10016,16,10,55,031,17031550200,5502,17
10017,17,10,55,031,17031550200,5502,17
10018,18,10,46,031,17031460700,4607,17
10019,19,10,52,031,17031520500,5205,17
10020,20,10,52,031,17031520400,5204,17
10024,24,10,55,031,17031550100,5501,17
10025,25,10,48,031,17031480500,4805,17
10026,26,10,52,031,17031520100,5201,17
10027,27,10,46,031,17031460301,4603.01,17
10028,28,10,52,031,17031520400,5204,17
10029,29,10,52,031,17031520400,5204,17
10030,30,10,52,031,17031520300,5203,17
10031,31,10,52,031,17031520200,5202,17
10032,32,10,52,031,17031520400,5204,17
10033,33,10,51,031,17031838800,8388,17
10035,35,10,55,031,17031550100,5501,17
10034,34,10,46,031,17031833900,8339,17
10022,22,10,52,031,17031520100,5201,17
10021,21,10,51,031,17031510200,5102,17
10023,23,10,52,031,17031520600,5206,17
10036,36,10,46,031,17031461000,4610,17
11002,2,11,28,031,17031841900,8419,17
11001,1,11,60,031,17031600600,6006,17
11004,4,11,60,031,17031840200,8402,17
11005,5,11,60,031,17031600900,6009,17
11008,8,11,60,031,17031600600,6006,17
11009,9,11,60,031,17031600700,6007,17
11011,11,11,60,031,17031839700,8397,17
11012,12,11,61,031,17031610800,6108,17
11014,14,11,34,031,17031340300,3403,17
11019,19,11,60,031,17031839700,8397,17
11021,21,11,60,031,17031839900,8399,17
11024,24,11,60,031,17031839900,8399,17
11025,25,11,59,031,17031590700,5907,17
11028,28,11,61,031,17031843800,8438,17
11027,27,11,60,031,17031840100,8401,17
11032,32,11,34,031,17031340500,3405,17
11031,31,11,61,031,17031842600,8426,17
11030,30,11,34,031,17031340400,3404,17
11029,29,11,60,031,17031840000,8400,17
11026,26,11,60,031,17031839700,8397,17
11023,23,11,60,031,17031840000,8400,17
11022,22,11,60,031,17031839800,8398,17
11020,20,11,60,031,17031840000,8400,17
11018,18,11,60,031,17031840100,8401,17
11017,17,11,60,031,17031839700,8397,17
11016,16,11,60,031,17031600400,6004,17
11015,15,11,60,031,17031600400,6004,17
11013,13,11,61,031,17031842600,8426,17
11010,10,11,60,031,17031840200,8402,17
11006,6,11,28,031,17031283800,2838,17
11007,7,11,28,031,17031841900,8419,17
11003,3,11,31,031,17031310200,3102,17
11033,33,11,28,031,17031841900,8419,17
11034,34,11,34,031,17031340500,3405,17
11035,35,11,34,031,17031340500,3405,17
11038,38,11,31,031,17031310200,3102,17
11037,37,11,34,031,17031841100,8411,17
11036,36,11,34,031,17031340400,3404,17
12001,1,12,59,031,17031590600,5906,17
12003,3,12,59,031,17031590500,5905,17
12004,4,12,59,031,17031590500,5905,17
12005,5,12,59,031,17031840400,8404,17
12009,9,12,59,031,17031840400,8404,17
12023,23,12,59,031,17031590700,5907,17
12002,2,12,58,031,17031580200,5802,17
12006,6,12,58,031,17031580100,5801,17
12007,7,12,30,031,17031840700,8407,17
12008,8,12,59,031,17031840300,8403,17
12011,11,12,58,031,17031580300,5803,17
12012,12,12,58,031,17031580200,5802,17
12015,15,12,30,031,17031843500,8435,17
12018,18,12,30,031,17031301100,3011,17
12019,19,12,61,031,17031610300,6103,17
12021,21,12,61,031,17031610300,6103,17
12022,22,12,30,031,17031300900,3009,17
12013,13,12,58,031,17031580600,5806,17
12020,20,12,58,031,17031580501,5805.01,17
12017,17,12,58,031,17031580100,5801,17
12016,16,12,30,031,17031300800,3008,17
12014,14,12,30,031,17031300900,3009,17
12010,10,12,30,031,17031840700,8407,17
13001,1,13,64,031,17031640300,6403,17
13003,3,13,62,031,17031620400,6204,17
13004,4,13,64,031,17031640600,6406,17
13005,5,13,65,031,17031650500,6505,17
13007,7,13,62,031,17031620300,6203,17
13008,8,13,64,031,17031640300,6403,17
13009,9,13,65,031,17031650500,6505,17
13012,12,13,56,031,17031980100,9801,17
13013,13,13,64,031,17031640700,6407,17
13014,14,13,65,031,17031650200,6502,17
13015,15,13,62,031,17031620300,6203,17
13016,16,13,65,031,17031650200,6502,17
13017,17,13,64,031,17031640300,6403,17
13019,19,13,65,031,17031650400,6504,17
13023,23,13,65,031,17031650200,6502,17
13024,24,13,62,031,17031620300,6203,17
13025,25,13,64,031,17031640100,6401,17
13026,26,13,64,031,17031640600,6406,17
13027,27,13,64,031,17031640700,6407,17
13028,28,13,65,031,17031650301,6503.01,17
13029,29,13,65,031,17031650301,6503.01,17
13030,30,13,65,031,17031650302,6503.02,17
13034,34,13,65,031,17031650302,6503.02,17
13035,35,13,65,031,17031650301,6503.01,17
13036,36,13,64,031,17031640800,6408,17
13037,37,13,64,031,17031640800,6408,17
13039,39,13,65,031,17031650301,6503.01,17
13040,40,13,62,031,17031620300,6203,17
13041,41,13,65,031,17031650400,6504,17
13043,43,13,64,031,17031640700,6407,17
13044,44,13,65,031,17031650400,6504,17
13045,45,13,64,031,17031640600,6406,17
13046,46,13,65,031,17031650500,6505,17
13047,47,13,65,031,17031650400,6504,17
13048,48,13,56,031,17031561100,5611,17
13042,42,13,56,031,17031561000,5610,17
13038,38,13,64,031,17031640400,6404,17
13033,33,13,56,031,17031561100,5611,17
13032,32,13,56,031,17031561100,5611,17
13031,31,13,64,031,17031640400,6404,17
13022,22,13,56,031,17031561100,5611,17
13021,21,13,56,031,17031561000,5610,17
13020,20,13,64,031,17031640400,6404,17
13018,18,13,64,031,17031640300,6403,17
13011,11,13,64,031,17031640300,6403,17
13010,10,13,56,031,17031561000,5610,17
13006,6,13,56,031,17031561000,5610,17
13002,2,13,64,031,17031640300,6403,17
14002,2,14,57,031,17031570200,5702,17
14003,3,14,63,031,17031630900,6309,17
14005,5,14,63,031,17031630800,6308,17
14006,6,14,63,031,17031630300,6303,17
14012,12,14,56,031,17031560400,5604,17
14010,10,14,58,031,17031842800,8428,17
14011,11,14,63,031,17031630300,6303,17
14013,13,14,57,031,17031570400,5704,17
14014,14,14,63,031,17031630500,6305,17
14015,15,14,63,031,17031630300,6303,17
14016,16,14,58,031,17031580400,5804,17
14017,17,14,63,031,17031630200,6302,17
14019,19,14,63,031,17031630400,6304,17
14020,20,14,58,031,17031580400,5804,17
14021,21,14,63,031,17031630400,6304,17
14018,18,14,56,031,17031835200,8352,17
14025,25,14,63,031,17031630200,6302,17
14026,26,14,63,031,17031630400,6304,17
14027,27,14,57,031,17031570100,5701,17
14028,28,14,57,031,17031570300,5703,17
14029,29,14,63,031,17031630500,6305,17
14030,30,14,63,031,17031630400,6304,17
14031,31,14,58,031,17031842800,8428,17
14022,22,14,56,031,17031835200,8352,17
14008,8,14,57,031,17031570300,5703,17
14004,4,14,56,031,17031560800,5608,17
14007,7,14,57,031,17031570300,5703,17
14024,24,14,56,031,17031560800,5608,17
14009,9,14,56,031,17031560800,5608,17
14001,1,14,56,031,17031560900,5609,17
14023,23,14,56,031,17031560700,5607,17
15001,1,15,61,031,17031842600,8426,17
15004,4,15,58,031,17031580800,5808,17
15005,5,15,61,031,17031610300,6103,17
15006,6,15,58,031,17031580600,5806,17
15008,8,15,58,031,17031580800,5808,17
15009,9,15,58,031,17031580700,5807,17
15010,10,15,58,031,17031580502,5805.02,17
15011,11,15,58,031,17031580502,5805.02,17
15012,12,15,58,031,17031842800,8428,17
15002,2,15,67,031,17031670600,6706,17
15003,3,15,67,031,17031670500,6705,17
15007,7,15,67,031,17031671300,6713,17
15017,17,15,67,031,17031670300,6703,17
15018,18,15,67,031,17031671200,6712,17
15020,20,15,67,031,17031670700,6707,17
15023,23,15,67,031,17031670400,6704,17
15024,24,15,67,031,17031671300,6713,17
15022,22,15,67,031,17031671200,6712,17
15021,21,15,67,031,17031670400,6704,17
15019,19,15,63,031,17031630100,6301,17
15016,16,15,63,031,17031835100,8351,17
15015,15,15,61,031,17031611500,6115,17
15014,14,15,61,031,17031611400,6114,17
15013,13,15,61,031,17031610300,6103,17
16001,1,16,63,031,17031630800,6308,17
16003,3,16,67,031,17031670500,6705,17
16004,4,16,66,031,17031660800,6608,17
16006,6,16,66,031,17031660700,6607,17
16013,13,16,66,031,17031660302,6603.02,17
16016,16,16,67,031,17031671400,6714,17
16017,17,16,66,031,17031835000,8350,17
16018,18,16,66,031,17031835000,8350,17
16019,19,16,66,031,17031835000,8350,17
16021,21,16,66,031,17031660700,6607,17
16022,22,16,66,031,17031660600,6606,17
16024,24,16,67,031,17031671400,6714,17
16002,2,16,61,031,17031611700,6117,17
16005,5,16,67,031,17031670200,6702,17
16007,7,16,61,031,17031611600,6116,17
16008,8,16,61,031,17031611700,6117,17
16009,9,16,67,031,17031670900,6709,17
16010,10,16,67,031,17031670200,6702,17
16011,11,16,63,031,17031835100,8351,17
16012,12,16,61,031,17031611800,6118,17
16014,14,16,67,031,17031670100,6701,17
16015,15,16,68,031,17031680500,6805,17
16020,20,16,67,031,17031670100,6701,17
16023,23,16,63,031,17031835100,8351,17
16025,25,16,68,031,17031834800,8348,17
16026,26,16,68,031,17031680600,6806,17
16027,27,16,68,031,17031680600,6806,17
16031,31,16,67,031,17031670800,6708,17
16032,32,16,66,031,17031660302,6603.02,17
16035,35,16,66,031,17031660302,6603.02,17
16036,36,16,68,031,17031834700,8347,17
16028,28,16,68,031,17031681000,6810,17
16034,34,16,67,031,17031671100,6711,17
16029,29,16,67,031,17031671600,6716,17
16030,30,16,68,031,17031681000,6810,17
16033,33,16,67,031,17031671100,6711,17
17001,1,17,66,031,17031660900,6609,17
17003,3,17,66,031,17031660900,6609,17
17006,6,17,66,031,17031660600,6606,17
17007,7,17,66,031,17031660600,6606,17
17012,12,17,66,031,17031660800,6608,17
17014,14,17,66,031,17031660600,6606,17
17016,16,17,66,031,17031660800,6608,17
17017,17,17,66,031,17031660900,6609,17
17002,2,17,71,031,17031710200,7102,17
17004,4,17,71,031,17031710400,7104,17
17005,5,17,67,031,17031671800,6718,17
17008,8,17,66,031,17031660900,6609,17
17009,9,17,71,031,17031710200,7102,17
17010,10,17,71,031,17031710800,7108,17
17011,11,17,67,031,17031672000,6720,17
17013,13,17,67,031,17031834900,8349,17
17015,15,17,69,031,17031691200,6912,17
17019,19,17,67,031,17031671500,6715,17
17021,21,17,69,031,17031691200,6912,17
17022,22,17,71,031,17031710200,7102,17
17023,23,17,67,031,17031671900,6719,17
17024,24,17,71,031,17031710800,7108,17
17026,26,17,71,031,17031710300,7103,17
17027,27,17,71,031,17031710200,7102,17
17028,28,17,68,031,17031681400,6814,17
17029,29,17,71,031,17031710200,7102,17
17031,31,17,67,031,17031671500,6715,17
17032,32,17,67,031,17031672000,6720,17
17033,33,17,67,031,17031671500,6715,17
17034,34,17,67,031,17031672000,6720,17
17035,35,17,67,031,17031671600,6716,17
17036,36,17,66,031,17031661000,6610,17
17037,37,17,67,031,17031672000,6720,17
17038,38,17,71,031,17031710400,7104,17
17039,39,17,44,031,17031842400,8424,17
17040,40,17,71,031,17031710400,7104,17
17041,41,17,71,031,17031710400,7104,17
17030,30,17,66,031,17031661100,6611,17
17025,25,17,66,031,17031660900,6609,17
17020,20,17,71,031,17031710500,7105,17
17018,18,17,71,031,17031711200,7112,17
18015,15,18,70,031,17031700200,7002,17
18024,24,18,70,031,17031700302,7003.02,17
18025,25,18,70,031,17031700301,7003.01,17
18030,30,18,70,031,17031700301,7003.01,17
18040,40,18,70,031,17031700301,7003.01,17
18043,43,18,65,031,17031650500,6505,17
18044,44,18,70,031,17031700302,7003.02,17
18046,46,18,70,031,17031700200,7002,17
18047,47,18,66,031,17031661000,6610,17
18001,1,18,70,031,17031700100,7001,17
18002,2,18,70,031,17031700200,7002,17
18003,3,18,70,031,17031700302,7003.02,17
18004,4,18,70,031,17031700501,7005.01,17
18005,5,18,66,031,17031661000,6610,17
18006,6,18,70,031,17031700302,7003.02,17
18007,7,18,70,031,17031700402,7004.02,17
18008,8,18,70,031,17031700501,7005.01,17
18009,9,18,70,031,17031700502,7005.02,17
18010,10,18,70,031,17031700402,7004.02,17
18011,11,18,70,031,17031700401,7004.01,17
18012,12,18,70,031,17031700100,7001,17
18013,13,18,70,031,17031700402,7004.02,17
18014,14,18,70,031,17031700501,7005.01,17
18016,16,18,70,031,17031700501,7005.01,17
18017,17,18,70,031,17031700401,7004.01,17
18018,18,18,70,031,17031700501,7005.01,17
18019,19,18,71,031,17031710500,7105,17
18020,20,18,71,031,17031710400,7104,17
18021,21,18,70,031,17031700401,7004.01,17
18022,22,18,70,031,17031700501,7005.01,17
18023,23,18,70,031,17031700401,7004.01,17
18026,26,18,70,031,17031700502,7005.02,17
18027,27,18,66,031,17031661100,6611,17
18028,28,18,70,031,17031700302,7003.02,17
18029,29,18,70,031,17031700401,7004.01,17
18031,31,18,70,031,17031700100,7001,17
18032,32,18,71,031,17031711200,7112,17
18033,33,18,66,031,17031661000,6610,17
18034,34,18,70,031,17031700502,7005.02,17
18035,35,18,70,031,17031700501,7005.01,17
18036,36,18,70,031,17031700402,7004.02,17
18037,37,18,70,031,17031700502,7005.02,17
18038,38,18,71,031,17031710400,7104,17
18039,39,18,66,031,17031661100,6611,17
18041,41,18,70,031,17031700501,7005.01,17
18042,42,18,70,031,17031700100,7001,17
18045,45,18,70,031,17031700200,7002,17
18048,48,18,66,031,17031661000,6610,17
18049,49,18,66,031,17031661000,6610,17
18050,50,18,66,031,17031661000,6610,17
19001,1,19,72,031,17031720500,7205,17
19002,2,19,72,031,17031720300,7203,17
19003,3,19,74,031,17031740200,7402,17
19004,4,19,74,031,17031740300,7403,17
19005,5,19,72,031,17031720100,7201,17
19006,6,19,74,031,17031740100,7401,17
19007,7,19,75,031,17031750400,7504,17
19009,9,19,74,031,17031740200,7402,17
19010,10,19,72,031,17031720100,7201,17
19011,11,19,74,031,17031740400,7404,17
19012,12,19,74,031,17031740200,7402,17
19013,13,19,72,031,17031720200,7202,17
19014,14,19,75,031,17031750500,7505,17
19015,15,19,74,031,17031740400,7404,17
19016,16,19,74,031,17031740300,7403,17
19017,17,19,75,031,17031750300,7503,17
19018,18,19,72,031,17031720100,7201,17
19019,19,19,72,031,17031720300,7203,17
19021,21,19,74,031,17031740400,7404,17
19022,22,19,72,031,17031720300,7203,17
19023,23,19,75,031,17031750300,7503,17
19024,24,19,74,031,17031740200,7402,17
19025,25,19,72,031,17031720200,7202,17
19026,26,19,72,031,17031720700,7207,17
19027,27,19,72,031,17031720200,7202,17
19028,28,19,72,031,17031720700,7207,17
19029,29,19,74,031,17031740100,7401,17
19030,30,19,74,031,17031740200,7402,17
19031,31,19,75,031,17031750200,7502,17
19032,32,19,75,031,17031823304,8233.04,17
19033,33,19,74,031,17031740200,7402,17
19034,34,19,72,031,17031720600,7206,17
19035,35,19,72,031,17031720600,7206,17
19036,36,19,72,031,17031720700,7207,17
19037,37,19,72,031,17031720700,7207,17
19038,38,19,72,031,17031720200,7202,17
19039,39,19,74,031,17031740400,7404,17
19040,40,19,75,031,17031750200,7502,17
19041,41,19,74,031,17031740400,7404,17
19042,42,19,75,031,17031750200,7502,17
19043,43,19,75,031,17031750200,7502,17
19044,44,19,74,031,17031740300,7403,17
19045,45,19,72,031,17031720400,7204,17
19046,46,19,75,031,17031750300,7503,17
19047,47,19,75,031,17031750400,7504,17
19048,48,19,75,031,17031750500,7505,17
19049,49,19,75,031,17031750500,7505,17
19052,52,19,74,031,17031740100,7401,17
19053,53,19,72,031,17031720400,7204,17
19054,54,19,74,031,17031740300,7403,17
19055,55,19,74,031,17031740200,7402,17
19056,56,19,72,031,17031720100,7201,17
19057,57,19,72,031,17031720200,7202,17
19008,8,19,74,031,17031740300,7403,17
19051,51,19,72,031,17031720500,7205,17
19050,50,19,75,031,17031750300,7503,17
19020,20,19,75,031,17031750500,7505,17
23002,2,23,64,031,17031640600,6406,17
23004,4,23,56,031,17031561100,5611,17
23005,5,23,65,031,17031650100,6501,17
23007,7,23,65,031,17031650100,6501,17
23010,10,23,65,031,17031650200,6502,17
23011,11,23,65,031,17031650302,6503.02,17
23013,13,23,63,031,17031630900,6309,17
23015,15,23,66,031,17031660400,6604,17
23017,17,23,66,031,17031660400,6604,17
23019,19,23,66,031,17031660500,6605,17
23020,20,23,66,031,17031660400,6604,17
23001,1,23,56,031,17031561000,5610,17
23003,3,23,56,031,17031560900,5609,17
23006,6,23,62,031,17031620200,6202,17
23008,8,23,56,031,17031980100,9801,17
23009,9,23,62,031,17031620100,6201,17
23012,12,23,56,031,17031561000,5610,17
23014,14,23,56,031,17031560800,5608,17
23016,16,23,56,031,17031560900,5609,17
23018,18,23,64,031,17031640400,6404,17
23024,24,23,62,031,17031620100,6201,17
23027,27,23,56,031,17031560900,5609,17
23026,26,23,62,031,17031620200,6202,17
23025,25,23,57,031,17031570500,5705,17
23023,23,23,64,031,17031640500,6405,17
23022,22,23,56,031,17031560800,5608,17
23021,21,23,56,031,17031560900,5609,17
23028,28,23,64,031,17031640500,6405,17
23029,29,23,56,031,17031561100,5611,17
23030,30,23,65,031,17031650100,6501,17
23031,31,23,66,031,17031660500,6605,17
23032,32,23,65,031,17031650100,6501,17
23033,33,23,62,031,17031620400,6204,17
23035,35,23,64,031,17031640500,6405,17
23036,36,23,56,031,17031560900,5609,17
23037,37,23,56,031,17031560900,5609,17
23038,38,23,56,031,17031561100,5611,17
23039,39,23,62,031,17031620100,6201,17
23034,34,23,66,031,17031660400,6604,17
26003,3,26,24,031,17031242500,2425,17
26001,1,26,24,031,17031242600,2426,17
26002,2,26,23,031,17031836600,8366,17
26005,5,26,23,031,17031230900,2309,17
26006,6,26,23,031,17031230800,2308,17
26009,9,26,23,031,17031230900,2309,17
26010,10,26,24,031,17031240900,2409,17
26011,11,26,23,031,17031230400,2304,17
26012,12,26,23,031,17031230900,2309,17
26014,14,26,23,031,17031230300,2303,17
26017,17,26,24,031,17031242800,2428,17
26018,18,26,23,031,17031230700,2307,17
26020,20,26,24,031,17031241100,2411,17
26021,21,26,24,031,17031242700,2427,17
26024,24,26,22,031,17031220901,2209.01,17
26025,25,26,24,031,17031240900,2409,17
26027,27,26,24,031,17031240900,2409,17
26029,29,26,23,031,17031230200,2302,17
26032,32,26,24,031,17031243000,2430,17
26033,33,26,24,031,17031242600,2426,17
26034,34,26,22,031,17031221100,2211,17
26035,35,26,24,031,17031242600,2426,17
26036,36,26,24,031,17031242600,2426,17
26031,31,26,23,031,17031230700,2307,17
26030,30,26,23,031,17031230100,2301,17
26028,28,26,24,031,17031242900,2429,17
26026,26,26,24,031,17031242600,2426,17
26023,23,26,22,031,17031220901,2209.01,17
26022,22,26,23,031,17031230500,2305,17
26019,19,26,23,031,17031230600,2306,17
26016,16,26,23,031,17031230700,2307,17
26015,15,26,23,031,17031230600,2306,17
26013,13,26,23,031,17031230500,2305,17
26008,8,26,20,031,17031831200,8312,17
26007,7,26,22,031,17031221100,2211,17
26004,4,26,23,031,17031230600,2306,17
26049,49,26,20,031,17031200402,2004.02,17
26047,47,26,23,031,17031230400,2304,17
26044,44,26,23,031,17031230700,2307,17
26045,45,26,23,031,17031230700,2307,17
26043,43,26,23,031,17031230700,2307,17
26037,37,26,22,031,17031221000,2210,17
26041,41,26,23,031,17031230900,2309,17
26040,40,26,23,031,17031230200,2302,17
26042,42,26,23,031,17031230100,2301,17
26048,48,26,24,031,17031241100,2411,17
26039,39,26,24,031,17031242500,2425,17
28005,5,28,28,031,17031842900,8429,17
28006,6,28,28,031,17031833100,8331,17
28008,8,28,28,031,17031833100,8331,17
28010,10,28,28,031,17031283200,2832,17
28004,4,28,28,031,17031283100,2831,17
28011,11,28,28,031,17031282700,2827,17
28009,9,28,26,031,17031260600,2606,17
28016,16,28,26,031,17031260500,2605,17
28017,17,28,26,031,17031260800,2608,17
28019,19,28,28,031,17031842900,8429,17
28027,27,28,28,031,17031832900,8329,17
28028,28,28,28,031,17031832900,8329,17
28001,1,28,25,031,17031252202,2522.02,17
28002,2,28,27,031,17031836800,8368,17
28003,3,28,27,031,17031271300,2713,17
28012,12,28,25,031,17031252201,2522.01,17
28014,14,28,25,031,17031251900,2519,17
28020,20,28,27,031,17031836800,8368,17
28021,21,28,25,031,17031251800,2518,17
28022,22,28,27,031,17031836800,8368,17
28023,23,28,23,031,17031842100,8421,17
28024,24,28,26,031,17031260200,2602,17
01002,2,1,22,031,17031222700,2227,17
01003,3,1,24,031,17031242100,2421,17
01004,4,1,24,031,17031242200,2422,17
01005,5,1,24,031,17031241400,2414,17
01006,6,1,24,031,17031243400,2434,17
01007,7,1,22,031,17031221500,2215,17
01008,8,1,24,031,17031241400,2414,17
01009,9,1,22,031,17031221500,2215,17
01010,10,1,24,031,17031242100,2421,17
01011,11,1,24,031,17031241400,2414,17
01012,12,1,24,031,17031242400,2424,17
01013,13,1,22,031,17031221400,2214,17
01014,14,1,24,031,17031241200,2412,17
01015,15,1,24,031,17031242500,2425,17
01016,16,1,22,031,17031221400,2214,17
01017,17,1,22,031,17031222700,2227,17
01018,18,1,24,031,17031242600,2426,17
01020,20,1,22,031,17031222600,2226,17
01021,21,1,24,031,17031241400,2414,17
01022,22,1,24,031,17031240700,2407,17
01027,27,1,24,031,17031240600,2406,17
01028,28,1,22,031,17031830900,8309,17
01029,29,1,22,031,17031832400,8324,17
01030,30,1,24,031,17031240800,2408,17
01032,32,1,24,031,17031243000,2430,17
01033,33,1,24,031,17031243200,2432,17
01034,34,1,22,031,17031221400,2214,17
01036,36,1,24,031,17031242100,2421,17
01038,38,1,24,031,17031241200,2412,17
01039,39,1,24,031,17031243100,2431,17
01040,40,1,24,031,17031242000,2420,17
01037,37,1,24,031,17031243300,2433,17
01035,35,1,24,031,17031243200,2432,17
01031,31,1,24,031,17031240700,2407,17
01026,26,1,22,031,17031222900,2229,17
01025,25,1,24,031,17031241100,2411,17
01024,24,1,24,031,17031241000,2410,17
01023,23,1,22,031,17031221300,2213,17
01019,19,1,22,031,17031221300,2213,17
01001,1,1,22,031,17031222500,2225,17
01041,41,1,22,031,17031220300,2203,17
01042,42,1,22,031,17031830900,8309,17
01043,43,1,22,031,17031221500,2215,17
01044,44,1,22,031,17031832400,8324,17
02001,1,2,24,031,17031241600,2416,17
02003,3,2,24,031,17031242200,2422,17
02004,4,2,24,031,17031242200,2422,17
02005,5,2,24,031,17031242000,2420,17
02006,6,2,24,031,17031241600,2416,17
02007,7,2,24,031,17031241500,2415,17
02008,8,2,24,031,17031241600,2416,17
02009,9,2,8,031,17031080400,804,17
02010,10,2,8,031,17031081300,813,17
02011,11,2,8,031,17031081300,813,17
02002,2,2,8,031,17031081300,813,17
02012,12,2,7,031,17031071800,718,17
02013,13,2,8,031,17031081300,813,17
02014,14,2,24,031,17031242300,2423,17
02015,15,2,24,031,17031241300,2413,17
02016,16,2,24,031,17031241300,2413,17
02017,17,2,24,031,17031242400,2424,17
02018,18,2,8,031,17031081300,813,17
02019,19,2,8,031,17031081300,813,17
02020,20,2,24,031,17031842300,8423,17
02021,21,2,24,031,17031242300,2423,17
02022,22,2,7,031,17031832500,8325,17
02023,23,2,8,031,17031081202,812.02,17
02024,24,2,7,031,17031070600,706,17
02025,25,2,24,031,17031240300,2403,17
02026,26,2,7,031,17031832500,8325,17
02027,27,2,8,031,17031081100,811,17
02028,28,2,8,031,17031080300,803,17
02029,29,2,8,031,17031081202,812.02,17
02030,30,2,8,031,17031080202,802.02,17
02031,31,2,8,031,17031080201,802.01,17
02032,32,2,8,031,17031081000,810,17
02033,33,2,7,031,17031071500,715,17
02034,34,2,8,031,17031081202,812.02,17
02036,36,2,8,031,17031080202,802.02,17
02037,37,2,8,031,17031080201,802.01,17
02038,38,2,8,031,17031080202,802.02,17
02039,39,2,8,031,17031081000,810,17
02040,40,2,8,031,17031081700,817,17
02041,41,2,8,031,17031081000,810,17
02042,42,2,8,031,17031081100,811,17
02043,43,2,8,031,17031081100,811,17
02044,44,2,7,031,17031071500,715,17
02045,45,2,8,031,17031081100,811,17
02046,46,2,7,031,17031071700,717,17
02035,35,2,8,031,17031080300,803,17
09012,12,9,44,031,17031440700,4407,17
09023,23,9,49,031,17031490300,4903,17
09024,24,9,49,031,17031490500,4905,17
09025,25,9,44,031,17031440900,4409,17
09048,48,9,44,031,17031440900,4409,17
09049,49,9,44,031,17031440600,4406,17
09050,50,9,44,031,17031440600,4406,17
09051,51,9,49,031,17031490500,4905,17
09042,42,9,49,031,17031490500,4905,17
09001,1,9,49,031,17031490902,4909.02,17
09002,2,9,49,031,17031490800,4908,17
09003,3,9,54,031,17031540102,5401.02,17
09004,4,9,53,031,17031530502,5305.02,17
09005,5,9,49,031,17031490902,4909.02,17
09006,6,9,53,031,17031530503,5305.03,17
09007,7,9,53,031,17031530100,5301,17
09008,8,9,50,031,17031500200,5002,17
09009,9,9,49,031,17031490901,4909.01,17
09010,10,9,49,031,17031490700,4907,17
09011,11,9,53,031,17031530600,5306,17
09013,13,9,49,031,17031490800,4908,17
09035,35,9,49,031,17031490800,4908,17
09015,15,9,54,031,17031540101,5401.01,17
09016,16,9,53,031,17031530501,5305.01,17
09017,17,9,49,031,17031490800,4908,17
09018,18,9,53,031,17031530501,5305.01,17
09019,19,9,53,031,17031530503,5305.03,17
09020,20,9,49,031,17031490700,4907,17
09021,21,9,73,031,17031730500,7305,17
09022,22,9,49,031,17031490902,4909.02,17
09026,26,9,54,031,17031540101,5401.01,17
09027,27,9,73,031,17031730500,7305,17
09028,28,9,53,031,17031530100,5301,17
09029,29,9,49,031,17031490902,4909.02,17
09030,30,9,49,031,17031490700,4907,17
09031,31,9,49,031,17031491400,4914,17
09032,32,9,49,031,17031490902,4909.02,17
09033,33,9,54,031,17031540102,5401.02,17
09034,34,9,49,031,17031490901,4909.01,17
09014,14,9,49,031,17031490800,4908,17
09036,36,9,44,031,17031440900,4409,17
09037,37,9,50,031,17031500300,5003,17
09038,38,9,49,031,17031490901,4909.01,17
09039,39,9,53,031,17031530502,5305.02,17
09040,40,9,49,031,17031490902,4909.02,17
09041,41,9,53,031,17031530600,5306,17
09043,43,9,49,031,17031491400,4914,17
09044,44,9,53,031,17031530502,5305.02,17
09045,45,9,53,031,17031530600,5306,17
09046,46,9,49,031,17031491400,4914,17
09047,47,9,49,031,17031490300,4903,17
20002,2,20,61,031,17031611000,6110,17
20004,4,20,61,031,17031611000,6110,17
20006,6,20,68,031,17031834700,8347,17
20008,8,20,42,031,17031421200,4212,17
20017,17,20,61,031,17031611100,6111,17
20020,20,20,61,031,17031611300,6113,17
20021,21,20,61,031,17031611900,6119,17
20025,25,20,61,031,17031612000,6120,17
20001,1,20,42,031,17031420500,4205,17
20003,3,20,42,031,17031420600,4206,17
20005,5,20,42,031,17031420800,4208,17
20007,7,20,40,031,17031400800,4008,17
20009,9,20,42,031,17031834400,8344,17
20010,10,20,42,031,17031420700,4207,17
20011,11,20,40,031,17031400400,4004,17
20012,12,20,40,031,17031834500,8345,17
20013,13,20,68,031,17031680900,6809,17
20014,14,20,40,031,17031400300,4003,17
20015,15,20,61,031,17031611100,6111,17
20016,16,20,42,031,17031420400,4204,17
20018,18,20,42,031,17031420700,4207,17
20022,22,20,42,031,17031834400,8344,17
20023,23,20,40,031,17031400800,4008,17
20024,24,20,42,031,17031420300,4203,17
20026,26,20,42,031,17031420200,4202,17
20028,28,20,69,031,17031690400,6904,17
20031,31,20,40,031,17031400500,4005,17
20034,34,20,42,031,17031420300,4203,17
20035,35,20,69,031,17031842500,8425,17
20033,33,20,42,031,17031420700,4207,17
20019,19,20,42,031,17031420600,4206,17
20027,27,20,68,031,17031834600,8346,17
20032,32,20,61,031,17031612100,6121,17
20030,30,20,68,031,17031834600,8346,17
20029,29,20,68,031,17031680900,6809,17
20036,36,20,68,031,17031834700,8347,17
20037,37,20,68,031,17031834600,8346,17
20039,39,20,68,031,17031834600,8346,17
20038,38,20,61,031,17031843800,8438,17
21007,7,21,71,031,17031711200,7112,17
21009,9,21,71,031,17031711200,7112,17
21013,13,21,71,031,17031711200,7112,17
21016,16,21,71,031,17031711300,7113,17
21001,1,21,73,031,17031730400,7304,17
21002,2,21,71,031,17031710900,7109,17
21003,3,21,71,031,17031711300,7113,17
21004,4,21,71,031,17031710900,7109,17
21005,5,21,73,031,17031730500,7305,17
21006,6,21,71,031,17031711400,7114,17
21008,8,21,73,031,17031730201,7302.01,17
21010,10,21,73,031,17031730202,7302.02,17
21011,11,21,71,031,17031711500,7115,17
21012,12,21,71,031,17031711500,7115,17
21014,14,21,73,031,17031730300,7303,17
21015,15,21,71,031,17031710500,7105,17
21017,17,21,71,031,17031711000,7110,17
21018,18,21,73,031,17031730201,7302.01,17
21019,19,21,73,031,17031730202,7302.02,17
21021,21,21,73,031,17031730400,7304,17
21022,22,21,73,031,17031730201,7302.01,17
21023,23,21,49,031,17031490600,4906,17
21024,24,21,73,031,17031730100,7301,17
21025,25,21,49,031,17031490600,4906,17
21026,26,21,71,031,17031710500,7105,17
21027,27,21,73,031,17031730500,7305,17
21028,28,21,71,031,17031710700,7107,17
21029,29,21,71,031,17031711200,7112,17
21030,30,21,71,031,17031710600,7106,17
21031,31,21,44,031,17031842400,8424,17
21032,32,21,71,031,17031711400,7114,17
21033,33,21,71,031,17031711000,7110,17
21034,34,21,71,031,17031711000,7110,17
21035,35,21,73,031,17031730100,7301,17
21036,36,21,73,031,17031730201,7302.01,17
21037,37,21,73,031,17031730400,7304,17
21038,38,21,49,031,17031834000,8340,17
21039,39,21,49,031,17031834000,8340,17
21049,49,21,73,031,17031730202,7302.02,17
21041,41,21,73,031,17031730400,7304,17
21042,42,21,73,031,17031730201,7302.01,17
21043,43,21,71,031,17031710800,7108,17
21044,44,21,49,031,17031834000,8340,17
21045,45,21,49,031,17031834000,8340,17
21046,46,21,73,031,17031730202,7302.02,17
21047,47,21,71,031,17031710600,7106,17
21048,48,21,71,031,17031711100,7111,17
21040,40,21,73,031,17031730100,7301,17
21050,50,21,71,031,17031711400,7114,17
21051,51,21,71,031,17031710800,7108,17
21052,52,21,71,031,17031711100,7111,17
21053,53,21,44,031,17031842400,8424,17
21054,54,21,71,031,17031710800,7108,17
21020,20,21,71,031,17031711100,7111,17
22003,3,22,30,031,17031301702,3017.02,17
22004,4,22,30,031,17031300500,3005,17
22005,5,22,30,031,17031301801,3018.01,17
22006,6,22,30,031,17031301801,3018.01,17
22009,9,22,30,031,17031301600,3016,17
22010,10,22,30,031,17031830500,8305,17
22011,11,22,30,031,17031301600,3016,17
22013,13,22,30,031,17031300600,3006,17
22014,14,22,30,031,17031300600,3006,17
22015,15,22,30,031,17031830500,8305,17
22016,16,22,30,031,17031830500,8305,17
22017,17,22,30,031,17031301802,3018.02,17
22018,18,22,30,031,17031300700,3007,17
22019,19,22,30,031,17031300500,3005,17
22020,20,22,30,031,17031301803,3018.03,17
22021,21,22,29,031,17031843400,8434,17
22022,22,22,30,031,17031300700,3007,17
22025,25,22,30,031,17031301701,3017.01,17
22007,7,22,30,031,17031830500,8305,17
22024,24,22,30,031,17031301803,3018.03,17
22023,23,22,56,031,17031560200,5602,17
22012,12,22,56,031,17031560100,5601,17
22008,8,22,56,031,17031560300,5603,17
22002,2,22,56,031,17031560300,5603,17
22001,1,22,56,031,17031560200,5602,17
24001,1,24,29,031,17031292500,2925,17
24002,2,24,29,031,17031291200,2912,17
24003,3,24,29,031,17031292200,2922,17
24004,4,24,27,031,17031270500,2705,17
24005,5,24,29,031,17031843000,8430,17
24006,6,24,29,031,17031292200,2922,17
24008,8,24,29,031,17031290900,2909,17
24009,9,24,29,031,17031841400,8414,17
24010,10,24,29,031,17031841600,8416,17
24011,11,24,29,031,17031290900,2909,17
24012,12,24,29,031,17031841500,8415,17
24013,13,24,29,031,17031292200,2922,17
24014,14,24,29,031,17031843100,8431,17
24015,15,24,29,031,17031292400,2924,17
24017,17,24,26,031,17031260900,2609,17
24019,19,24,26,031,17031261000,2610,17
24020,20,24,26,031,17031260900,2609,17
24021,21,24,29,031,17031291200,2912,17
24022,22,24,29,031,17031843000,8430,17
24023,23,24,29,031,17031843100,8431,17
24024,24,24,29,031,17031838700,8387,17
24027,27,24,27,031,17031837300,8373,17
24028,28,24,29,031,17031838700,8387,17
24030,30,24,29,031,17031843000,8430,17
24031,31,24,29,031,17031292400,2924,17
24032,32,24,26,031,17031261000,2610,17
24034,34,24,29,031,17031838700,8387,17
24035,35,24,29,031,17031841500,8415,17
24036,36,24,29,031,17031292500,2925,17
24038,38,24,29,031,17031843100,8431,17
24041,41,24,25,031,17031831400,8314,17
24040,40,24,29,031,17031843000,8430,17
24039,39,24,30,031,17031841700,8417,17
24037,37,24,29,031,17031292500,2925,17
24033,33,24,29,031,17031292500,2925,17
24029,29,24,29,031,17031292500,2925,17
24026,26,24,29,031,17031843000,8430,17
24018,18,24,27,031,17031271500,2715,17
24016,16,24,30,031,17031843500,8435,17
24007,7,24,29,031,17031291600,2916,17
25003,3,25,28,031,17031833300,8333,17
25004,4,25,28,031,17031283800,2838,17
25010,10,25,28,031,17031833100,8331,17
25027,27,25,28,031,17031841900,8419,17
25020,20,25,28,031,17031842900,8429,17
25021,21,25,32,031,17031839000,8390,17
25026,26,25,31,031,17031841300,8413,17
25015,15,25,31,031,17031843200,8432,17
25031,31,25,28,031,17031833100,8331,17
25032,32,25,31,031,17031843200,8432,17
25001,1,25,31,031,17031841300,8413,17
25002,2,25,31,031,17031843200,8432,17
25005,5,25,31,031,17031841300,8413,17
25006,6,25,34,031,17031841100,8411,17
25007,7,25,31,031,17031843200,8432,17
25008,8,25,31,031,17031841200,8412,17
25009,9,25,31,031,17031841200,8412,17
25011,11,25,31,031,17031310900,3109,17
25012,12,25,31,031,17031310400,3104,17
25013,13,25,31,031,17031310800,3108,17
25014,14,25,34,031,17031841100,8411,17
25016,16,25,28,031,17031833000,8330,17
25017,17,25,31,031,17031310400,3104,17
25018,18,25,34,031,17031841100,8411,17
25019,19,25,31,031,17031310800,3108,17
25022,22,25,31,031,17031310900,3109,17
25023,23,25,31,031,17031310300,3103,17
25024,24,25,31,031,17031310600,3106,17
25025,25,25,28,031,17031833300,8333,17
25028,28,25,31,031,17031843200,8432,17
25029,29,25,28,031,17031842900,8429,17
25030,30,25,31,031,17031841200,8412,17
27024,24,27,23,031,17031231200,2312,17
27028,28,27,8,031,17031838300,8383,17
27019,19,27,23,031,17031231200,2312,17
27022,22,27,23,031,17031231200,2312,17
27003,3,27,23,031,17031231100,2311,17
27005,5,27,23,031,17031836600,8366,17
27015,15,27,23,031,17031231500,2315,17
27034,34,27,23,031,17031231500,2315,17
27023,23,27,23,031,17031231500,2315,17
27008,8,27,23,031,17031231500,2315,17
27044,44,27,23,031,17031836700,8367,17
27031,31,27,23,031,17031836700,8367,17
27026,26,27,27,031,17031837100,8371,17
27036,36,27,27,031,17031837100,8371,17
27014,14,27,27,031,17031837000,8370,17
27027,27,27,28,031,17031280400,2804,17
27033,33,27,28,031,17031833000,8330,17
27004,4,27,27,031,17031837100,8371,17
27039,39,27,27,031,17031837100,8371,17
27030,30,27,27,031,17031837400,8374,17
27017,17,27,28,031,17031280800,2808,17
27043,43,27,28,031,17031837800,8378,17
27032,32,27,28,031,17031837800,8378,17
27025,25,27,28,031,17031838000,8380,17
27018,18,27,28,031,17031838000,8380,17
27041,41,27,28,031,17031838000,8380,17
27002,2,27,28,031,17031833100,8331,17
27045,45,27,28,031,17031833000,8330,17
27016,16,27,28,031,17031833000,8330,17
27011,11,27,24,031,17031842300,8423,17
27040,40,27,24,031,17031243500,2435,17
27013,13,27,24,031,17031842300,8423,17
27035,35,27,8,031,17031842200,8422,17
27021,21,27,8,031,17031842200,8422,17
27029,29,27,23,031,17031231100,2311,17
27037,37,27,8,031,17031842200,8422,17
27006,6,27,8,031,17031842200,8422,17
27009,9,27,8,031,17031080300,803,17
27020,20,27,8,031,17031080400,804,17
27042,42,27,8,031,17031080300,803,17
27012,12,27,8,031,17031080300,803,17
27038,38,27,8,031,17031081000,810,17
27010,10,27,28,031,17031838200,8382,17
27007,7,27,24,031,17031243300,2433,17
27001,1,27,24,031,17031243500,2435,17
27046,46,27,8,031,17031080300,803,17
27047,47,27,8,031,17031080400,804,17
27048,48,27,8,031,17031081900,819,17
27049,49,27,27,031,17031837000,8370,17
27050,50,27,28,031,17031280800,2808,17
31007,7,31,22,031,17031220702,2207.02,17
31008,8,31,15,031,17031151002,1510.02,17
31002,2,31,19,031,17031190800,1908,17
31003,3,31,19,031,17031190300,1903,17
31005,5,31,20,031,17031200100,2001,17
31006,6,31,19,031,17031190100,1901,17
31009,9,31,19,031,17031190200,1902,17
31010,10,31,21,031,17031210400,2104,17
31013,13,31,20,031,17031200200,2002,17
31015,15,31,19,031,17031190402,1904.02,17
31021,21,31,19,031,17031190800,1908,17
31024,24,31,20,031,17031200100,2001,17
31025,25,31,19,031,17031190300,1903,17
31026,26,31,20,031,17031200100,2001,17
31023,23,31,21,031,17031210400,2104,17
31022,22,31,20,031,17031200300,2003,17
31020,20,31,19,031,17031190701,1907.01,17
31019,19,31,19,031,17031190300,1903,17
31017,17,31,19,031,17031190200,1902,17
31016,16,31,22,031,17031220701,2207.01,17
31014,14,31,15,031,17031151100,1511,17
31012,12,31,15,031,17031151002,1510.02,17
31011,11,31,15,031,17031151001,1510.01,17
31027,27,31,19,031,17031190200,1902,17
31028,28,31,19,031,17031190800,1908,17
31029,29,31,19,031,17031190900,1909,17
31018,18,31,20,031,17031200200,2002,17
31030,30,31,19,031,17031190100,1901,17
31004,4,31,22,031,17031220701,2207.01,17
31001,1,31,20,031,17031200200,2002,17
31031,31,31,19,031,17031190300,1903,17
31032,32,31,19,031,17031190702,1907.02,17
31033,33,31,15,031,17031151001,1510.01,17
31034,34,31,15,031,17031151002,1510.02,17
31035,35,31,19,031,17031190200,1902,17
31036,36,31,20,031,17031200100,2001,17
31038,38,31,19,031,17031190800,1908,17
31037,37,31,19,031,17031190800,1908,17
31039,39,31,22,031,17031220702,2207.02,17
31041,41,31,20,031,17031200200,2002,17
31040,40,31,22,031,17031220702,2207.02,17
32001,1,32,22,031,17031830900,8309,17
32002,2,32,24,031,17031240500,2405,17
32003,3,32,22,031,17031830900,8309,17
32006,6,32,22,031,17031222200,2222,17
32009,9,32,5,031,17031843700,8437,17
32011,11,32,22,031,17031220500,2205,17
32012,12,32,22,031,17031221100,2211,17
32004,4,32,22,031,17031832200,8322,17
32005,5,32,22,031,17031832200,8322,17
32007,7,32,6,031,17031062800,628,17
32008,8,32,6,031,17031062800,628,17
32010,10,32,6,031,17031062700,627,17
32013,13,32,7,031,17031070700,707,17
32015,15,32,5,031,17031051200,512,17
32016,16,32,22,031,17031221600,2216,17
32018,18,32,7,031,17031070600,706,17
32019,19,32,5,031,17031051000,510,17
32021,21,32,5,031,17031050800,508,17
32023,23,32,6,031,17031062800,628,17
32024,24,32,7,031,17031070700,707,17
32025,25,32,5,031,17031050900,509,17
32027,27,32,7,031,17031070700,707,17
32029,29,32,22,031,17031221600,2216,17
32030,30,32,5,031,17031051300,513,17
32031,31,32,22,031,17031831000,8310,17
32033,33,32,22,031,17031832300,8323,17
32034,34,32,22,031,17031832200,8322,17
32035,35,32,24,031,17031240200,2402,17
32036,36,32,24,031,17031240300,2403,17
32037,37,32,22,031,17031832300,8323,17
32039,39,32,7,031,17031070600,706,17
32040,40,32,6,031,17031062600,626,17
32041,41,32,5,031,17031051300,513,17
32042,42,32,5,031,17031051100,511,17
32038,38,32,5,031,17031051400,514,17
32032,32,32,22,031,17031222200,2222,17
32028,28,32,22,031,17031220500,2205,17
32026,26,32,22,031,17031220400,2204,17
32022,22,32,22,031,17031221200,2212,17
32020,20,32,22,031,17031221200,2212,17
32017,17,32,22,031,17031220400,2204,17
32014,14,32,22,031,17031220500,2205,17
32043,43,32,22,031,17031220300,2203,17
33005,5,33,21,031,17031210900,2109,17
33009,9,33,21,031,17031210100,2101,17
33016,16,33,16,031,17031160800,1608,17
33019,19,33,21,031,17031210900,2109,17
33001,1,33,14,031,17031140702,1407.02,17
33003,3,33,14,031,17031140800,1408,17
33004,4,33,21,031,17031210100,2101,17
33006,6,33,16,031,17031160700,1607,17
33008,8,33,14,031,17031140800,1408,17
33010,10,33,16,031,17031160700,1607,17
33011,11,33,16,031,17031160602,1606.02,17
33012,12,33,16,031,17031160700,1607,17
33013,13,33,21,031,17031210700,2107,17
33015,15,33,16,031,17031160501,1605.01,17
33017,17,33,16,031,17031160502,1605.02,17
33018,18,33,14,031,17031140100,1401,17
33020,20,33,14,031,17031140702,1407.02,17
33021,21,33,16,031,17031160601,1606.01,17
33022,22,33,16,031,17031160700,1607,17
33023,23,33,16,031,17031160601,1606.01,17
33024,24,33,14,031,17031140800,1408,17
33025,25,33,16,031,17031160602,1606.02,17
33027,27,33,14,031,17031140701,1407.01,17
33028,28,33,21,031,17031210700,2107,17
33026,26,33,21,031,17031210700,2107,17
33014,14,33,21,031,17031210800,2108,17
33007,7,33,14,031,17031140200,1402,17
33002,2,33,14,031,17031140200,1402,17
34017,17,34,75,031,17031750500,7505,17
34046,46,34,73,031,17031730500,7305,17
34049,49,34,73,031,17031730600,7306,17
34052,52,34,73,031,17031730400,7304,17
34001,1,34,53,031,17031530300,5303,17
34002,2,34,75,031,17031750100,7501,17
34003,3,34,53,031,17031530503,5305.03,17
34004,4,34,49,031,17031491000,4910,17
34005,5,34,53,031,17031530300,5303,17
34006,6,34,53,031,17031530503,5305.03,17
34007,7,34,53,031,17031530300,5303,17
34008,8,34,75,031,17031750600,7506,17
34009,9,34,53,031,17031530200,5302,17
34010,10,34,53,031,17031530300,5303,17
34011,11,34,53,031,17031530200,5302,17
34012,12,34,73,031,17031730700,7307,17
34013,13,34,75,031,17031750600,7506,17
34014,14,34,53,031,17031530200,5302,17
34016,16,34,53,031,17031530501,5305.01,17
34018,18,34,49,031,17031491000,4910,17
34019,19,34,75,031,17031750500,7505,17
34020,20,34,49,031,17031491100,4911,17
34021,21,34,75,031,17031750100,7501,17
34022,22,34,49,031,17031491100,4911,17
34023,23,34,49,031,17031491200,4912,17
34024,24,34,49,031,17031491100,4911,17
34025,25,34,73,031,17031730600,7306,17
34026,26,34,53,031,17031821402,8214.02,17
34027,27,34,49,031,17031491000,4910,17
34028,28,34,49,031,17031491000,4910,17
34029,29,34,75,031,17031750600,7506,17
34030,30,34,49,031,17031491100,4911,17
34031,31,34,53,031,17031530501,5305.01,17
34032,32,34,75,031,17031750600,7506,17
34033,33,34,53,031,17031530200,5302,17
34034,34,34,73,031,17031730500,7305,17
34035,35,34,73,031,17031730700,7307,17
34036,36,34,49,031,17031491100,4911,17
34037,37,34,49,031,17031491300,4913,17
34038,38,34,49,031,17031491300,4913,17
34039,39,34,49,031,17031491000,4910,17
34040,40,34,53,031,17031530400,5304,17
34041,41,34,49,031,17031491200,4912,17
34042,42,34,49,031,17031491200,4912,17
34043,43,34,75,031,17031750600,7506,17
34044,44,34,73,031,17031730600,7306,17
34047,47,34,75,031,17031750100,7501,17
34048,48,34,75,031,17031750100,7501,17
34050,50,34,53,031,17031530501,5305.01,17
34051,51,34,53,031,17031530400,5304,17
34053,53,34,49,031,17031491300,4913,17
34045,45,34,73,031,17031730600,7306,17
34015,15,34,53,031,17031530300,5303,17
35002,2,35,22,031,17031220602,2206.02,17
35003,3,35,22,031,17031220901,2209.01,17
35007,7,35,22,031,17031221000,2210,17
35008,8,35,22,031,17031221000,2210,17
35010,10,35,22,031,17031220601,2206.01,17
35012,12,35,20,031,17031200402,2004.02,17
35013,13,35,20,031,17031831200,8312,17
35014,14,35,22,031,17031220902,2209.02,17
35016,16,35,20,031,17031831200,8312,17
35018,18,35,20,031,17031200402,2004.02,17
35019,19,35,20,031,17031200401,2004.01,17
35020,20,35,14,031,17031140702,1407.02,17
35022,22,35,14,031,17031140602,1406.02,17
35023,23,35,16,031,17031160502,1605.02,17
35027,27,35,16,031,17031160501,1605.01,17
35001,1,35,21,031,17031210601,2106.01,17
35004,4,35,21,031,17031831100,8311,17
35005,5,35,21,031,17031210602,2106.02,17
35006,6,35,21,031,17031210602,2106.02,17
35011,11,35,21,031,17031210602,2106.02,17
35015,15,35,22,031,17031220602,2206.02,17
35017,17,35,22,031,17031220602,2206.02,17
35024,24,35,21,031,17031831100,8311,17
35025,25,35,22,031,17031220602,2206.02,17
35026,26,35,16,031,17031160800,1608,17
35028,28,35,22,031,17031220602,2206.02,17
35021,21,35,22,031,17031220902,2209.02,17
35029,29,35,14,031,17031140301,1403.01,17
35030,30,35,14,031,17031140601,1406.01,17
35031,31,35,16,031,17031160400,1604,17
35009,9,35,14,031,17031140601,1406.01,17
36002,2,36,19,031,17031191301,1913.01,17
36005,5,36,19,031,17031191301,1913.01,17
36006,6,36,19,031,17031191100,1911,17
36008,8,36,19,031,17031191100,1911,17
36009,9,36,19,031,17031191100,1911,17
36011,11,36,19,031,17031191000,1910,17
36012,12,36,20,031,17031831200,8312,17
36013,13,36,19,031,17031191000,1910,17
36001,1,36,18,031,17031831600,8316,17
36003,3,36,18,031,17031831600,8316,17
36004,4,36,19,031,17031831500,8315,17
36007,7,36,17,031,17031171000,1710,17
36010,10,36,19,031,17031831500,8315,17
36019,19,36,18,031,17031180100,1801,17
36026,26,36,17,031,17031171000,1710,17
36028,28,36,18,031,17031180100,1801,17
36024,24,36,19,031,17031190401,1904.01,17
36030,30,36,17,031,17031171100,1711,17
36029,29,36,18,031,17031180100,1801,17
36027,27,36,18,031,17031831600,8316,17
36025,25,36,19,031,17031191200,1912,17
36023,23,36,19,031,17031191302,1913.02,17
36022,22,36,19,031,17031191100,1911,17
36021,21,36,19,031,17031191302,1913.02,17
36020,20,36,15,031,17031151200,1512,17
36018,18,36,17,031,17031171100,1711,17
36017,17,36,15,031,17031151200,1512,17
36016,16,36,15,031,17031150700,1507,17
36015,15,36,17,031,17031170200,1702,17
36014,14,36,15,031,17031150600,1506,17
39003,3,39,16,031,17031160200,1602,17
39042,42,39,12,031,17031120300,1203,17
39004,4,39,12,031,17031120300,1203,17
39005,5,39,14,031,17031140400,1404,17
39009,9,39,14,031,17031140400,1404,17
39007,7,39,14,031,17031140400,1404,17
39008,8,39,14,031,17031140400,1404,17
39010,10,39,14,031,17031140302,1403.02,17
39011,11,39,13,031,17031130200,1302,17
39015,15,39,12,031,17031120300,1203,17
39016,16,39,13,031,17031130300,1303,17
39018,18,39,13,031,17031130300,1303,17
39019,19,39,16,031,17031160200,1602,17
39001,1,39,12,031,17031120300,1203,17
39006,6,39,14,031,17031140500,1405,17
39025,25,39,16,031,17031160300,1603,17
39040,40,39,12,031,17031120300,1203,17
39028,28,39,16,031,17031160400,1604,17
39029,29,39,14,031,17031140302,1403.02,17
39031,31,39,14,031,17031140500,1405,17
39026,26,39,12,031,17031120300,1203,17
39033,33,39,13,031,17031831800,8318,17
39034,34,39,16,031,17031160300,1603,17
39035,35,39,13,031,17031831800,8318,17
39032,32,39,13,031,17031130100,1301,17
39037,37,39,12,031,17031120300,1203,17
39038,38,39,13,031,17031130200,1302,17
39002,2,39,13,031,17031130100,1301,17
39030,30,39,13,031,17031831800,8318,17
39013,13,39,13,031,17031130300,1303,17
39022,22,39,13,031,17031831800,8318,17
39023,23,39,11,031,17031110100,1101,17
39045,45,39,12,031,17031120200,1202,17
39027,27,39,12,031,17031120100,1201,17
39014,14,39,16,031,17031160100,1601,17
39017,17,39,16,031,17031160100,1601,17
39020,20,39,10,031,17031100100,1001,17
39041,41,39,12,031,17031120400,1204,17
39024,24,39,11,031,17031110100,1101,17
39043,43,39,12,031,17031120200,1202,17
39021,21,39,10,031,17031100100,1001,17
39044,44,39,12,031,17031120200,1202,17
39036,36,39,13,031,17031130100,1301,17
28025,25,28,27,031,17031271400,2714,17
28032,32,28,27,031,17031271200,2712,17
28033,33,28,26,031,17031260400,2604,17
28035,35,28,27,031,17031271800,2718,17
28036,36,28,27,031,17031271300,2713,17
28037,37,28,26,031,17031260800,2608,17
28040,40,28,25,031,17031252202,2522.02,17
28042,42,28,25,031,17031251800,2518,17
28044,44,28,26,031,17031260500,2605,17
28043,43,28,25,031,17031251800,2518,17
28041,41,28,25,031,17031251900,2519,17
28039,39,28,25,031,17031251800,2518,17
28038,38,28,25,031,17031251700,2517,17
28034,34,28,29,031,17031843300,8433,17
28031,31,28,25,031,17031252201,2522.01,17
28029,29,28,27,031,17031837400,8374,17
28018,18,28,28,031,17031283100,2831,17
28045,45,28,28,031,17031833100,8331,17
28030,30,28,27,031,17031837400,8374,17
28026,26,28,26,031,17031260700,2607,17
28013,13,28,26,031,17031260100,2601,17
28007,7,28,26,031,17031260600,2606,17
28046,46,28,28,031,17031838200,8382,17
28015,15,28,27,031,17031270500,2705,17
29002,2,29,25,031,17031252201,2522.01,17
29006,6,29,25,031,17031831400,8314,17
29008,8,29,25,031,17031251900,2519,17
29003,3,29,25,031,17031252102,2521.02,17
29004,4,29,25,031,17031250600,2506,17
29005,5,29,25,031,17031251300,2513,17
29011,11,29,25,031,17031252000,2520,17
29012,12,29,25,031,17031250400,2504,17
29013,13,29,25,031,17031251300,2513,17
29014,14,29,25,031,17031252102,2521.02,17
29015,15,29,25,031,17031250400,2504,17
29016,16,29,25,031,17031252102,2521.02,17
29017,17,29,25,031,17031250400,2504,17
29018,18,29,25,031,17031252000,2520,17
29019,19,29,25,031,17031252101,2521.01,17
29020,20,29,25,031,17031252000,2520,17
29021,21,29,25,031,17031252000,2520,17
29022,22,29,25,031,17031831400,8314,17
29024,24,29,25,031,17031250400,2504,17
29025,25,29,25,031,17031250600,2506,17
29028,28,29,25,031,17031252102,2521.02,17
29033,33,29,25,031,17031251400,2514,17
29034,34,29,25,031,17031831400,8314,17
29035,35,29,25,031,17031251400,2514,17
29036,36,29,25,031,17031250400,2504,17
29037,37,29,25,031,17031251300,2513,17
29040,40,29,25,031,17031250600,2506,17
29041,41,29,25,031,17031250600,2506,17
29042,42,29,25,031,17031252102,2521.02,17
29044,44,29,25,031,17031251400,2514,17
29027,27,29,25,031,17031251300,2513,17
29026,26,29,25,031,17031251400,2514,17
29023,23,29,25,031,17031250500,2505,17
29030,30,29,18,031,17031831600,8316,17
29031,31,29,17,031,17031171000,1710,17
29032,32,29,17,031,17031170800,1708,17
29038,38,29,18,031,17031831600,8316,17
29039,39,29,18,031,17031180100,1801,17
29043,43,29,25,031,17031250500,2505,17
29007,7,29,25,031,17031250500,2505,17
29001,1,29,25,031,17031250500,2505,17
29029,29,29,17,031,17031170900,1709,17
29010,10,29,25,031,17031250500,2505,17
29009,9,29,25,031,17031250500,2505,17
30005,5,30,19,031,17031190402,1904.02,17
30011,11,30,19,031,17031190601,1906.01,17
30013,13,30,19,031,17031190401,1904.01,17
30016,16,30,19,031,17031190401,1904.01,17
30002,2,30,19,031,17031190402,1904.02,17
30003,3,30,21,031,17031831100,8311,17
30006,6,30,19,031,17031190602,1906.02,17
30007,7,30,16,031,17031161200,1612,17
30008,8,30,21,031,17031831100,8311,17
30009,9,30,15,031,17031151100,1511,17
30010,10,30,19,031,17031190602,1906.02,17
30012,12,30,19,031,17031190402,1904.02,17
30014,14,30,19,031,17031190701,1907.01,17
30015,15,30,16,031,17031160900,1609,17
30018,18,30,21,031,17031210502,2105.02,17
30019,19,30,19,031,17031190702,1907.02,17
30028,28,30,16,031,17031161300,1613,17
30027,27,30,15,031,17031151002,1510.02,17
30026,26,30,16,031,17031161200,1612,17
30025,25,30,21,031,17031210501,2105.01,17
30024,24,30,21,031,17031210502,2105.02,17
30023,23,30,16,031,17031161300,1613,17
30022,22,30,21,031,17031831100,8311,17
30021,21,30,17,031,17031171100,1711,17
30020,20,30,15,031,17031831700,8317,17
30017,17,30,15,031,17031151200,1512,17
30004,4,30,15,031,17031151100,1511,17
30001,1,30,15,031,17031150800,1508,17
30029,29,30,19,031,17031190601,1906.01,17
30030,30,30,19,031,17031190601,1906.01,17
30031,31,30,16,031,17031161200,1612,17
30032,32,30,21,031,17031831100,8311,17
37011,11,37,25,031,17031251500,2515,17
37039,39,37,25,031,17031251600,2516,17
37001,1,37,25,031,17031251900,2519,17
37002,2,37,23,031,17031230600,2306,17
37003,3,37,23,031,17031842100,8421,17
37004,4,37,23,031,17031842100,8421,17
37005,5,37,25,031,17031250700,2507,17
37006,6,37,25,031,17031250700,2507,17
37007,7,37,23,031,17031842100,8421,17
37008,8,37,23,031,17031842100,8421,17
37009,9,37,25,031,17031251500,2515,17
37010,10,37,25,031,17031250200,2502,17
37012,12,37,23,031,17031230600,2306,17
37013,13,37,23,031,17031231200,2312,17
37014,14,37,25,031,17031831300,8313,17
37015,15,37,25,031,17031251100,2511,17
37016,16,37,25,031,17031250300,2503,17
37017,17,37,25,031,17031251500,2515,17
37018,18,37,25,031,17031251200,2512,17
37019,19,37,23,031,17031231200,2312,17
37020,20,37,25,031,17031251100,2511,17
37021,21,37,23,031,17031842100,8421,17
37022,22,37,25,031,17031831300,8313,17
37023,23,37,25,031,17031250700,2507,17
37024,24,37,25,031,17031250300,2503,17
37025,25,37,25,031,17031251200,2512,17
37026,26,37,25,031,17031250300,2503,17
37027,27,37,25,031,17031251700,2517,17
37028,28,37,23,031,17031842100,8421,17
37029,29,37,25,031,17031251200,2512,17
37030,30,37,25,031,17031251600,2516,17
37031,31,37,25,031,17031250800,2508,17
37032,32,37,25,031,17031250700,2507,17
37033,33,37,25,031,17031251100,2511,17
37034,34,37,25,031,17031251600,2516,17
37035,35,37,25,031,17031251200,2512,17
37036,36,37,25,031,17031251100,2511,17
37037,37,37,25,031,17031251500,2515,17
37038,38,37,25,031,17031250700,2507,17
37040,40,37,25,031,17031250800,2508,17
37041,41,37,25,031,17031250300,2503,17
38002,2,38,76,031,17031760802,7608.02,17
38004,4,38,17,031,17031171000,1710,17
38005,5,38,17,031,17031171000,1710,17
38006,6,38,17,031,17031170800,1708,17
38007,7,38,76,031,17031760802,7608.02,17
38009,9,38,17,031,17031170700,1707,17
38010,10,38,17,031,17031171000,1710,17
38012,12,38,76,031,17031760802,7608.02,17
38013,13,38,17,031,17031170400,1704,17
38016,16,38,17,031,17031170300,1703,17
38017,17,38,17,031,17031170500,1705,17
38020,20,38,76,031,17031760802,7608.02,17
38024,24,38,17,031,17031170600,1706,17
38027,27,38,17,031,17031170500,1705,17
38028,28,38,17,031,17031170500,1705,17
38029,29,38,17,031,17031170400,1704,17
38030,30,38,17,031,17031170700,1707,17
38001,1,38,15,031,17031150300,1503,17
38003,3,38,17,031,17031170300,1703,17
38008,8,38,17,031,17031170300,1703,17
38011,11,38,15,031,17031150402,1504.02,17
38014,14,38,15,031,17031150501,1505.01,17
38015,15,38,15,031,17031150502,1505.02,17
38018,18,38,15,031,17031150501,1505.01,17
38019,19,38,17,031,17031170100,1701,17
38021,21,38,15,031,17031150502,1505.02,17
38022,22,38,15,031,17031150401,1504.01,17
38023,23,38,15,031,17031150600,1506,17
38025,25,38,15,031,17031150501,1505.01,17
38026,26,38,15,031,17031150502,1505.02,17
38033,33,38,15,031,17031150402,1504.02,17
38034,34,38,15,031,17031150700,1507,17
38035,35,38,15,031,17031150700,1507,17
38038,38,38,17,031,17031170300,1703,17
38040,40,38,15,031,17031150402,1504.02,17
38041,41,38,15,031,17031150300,1503,17
38031,31,38,15,031,17031150300,1503,17
38039,39,38,17,031,17031170200,1702,17
38037,37,38,17,031,17031170200,1702,17
38036,36,38,15,031,17031150401,1504.01,17
38032,32,38,15,031,17031150300,1503,17
41001,1,41,9,031,17031090100,901,17
41002,2,41,9,031,17031090100,901,17
41003,3,41,10,031,17031100700,1007,17
41004,4,41,9,031,17031090200,902,17
41005,5,41,9,031,17031090200,902,17
41006,6,41,12,031,17031120100,1201,17
41007,7,41,9,031,17031090300,903,17
41008,8,41,10,031,17031100400,1004,17
41011,11,41,10,031,17031100200,1002,17
41012,12,41,10,031,17031100700,1007,17
41014,14,41,12,031,17031120100,1201,17
41015,15,41,9,031,17031090200,902,17
41016,16,41,10,031,17031100200,1002,17
41017,17,41,10,031,17031100300,1003,17
41018,18,41,10,031,17031100400,1004,17
41019,19,41,12,031,17031120200,1202,17
41020,20,41,10,031,17031100300,1003,17
41021,21,41,10,031,17031100200,1002,17
41022,22,41,10,031,17031100200,1002,17
41024,24,41,10,031,17031100700,1007,17
41025,25,41,76,031,17031760803,7608.03,17
41027,27,41,76,031,17031980000,9800,17
41028,28,41,76,031,17031760801,7608.01,17
41029,29,41,76,031,17031760801,7608.01,17
41030,30,41,10,031,17031100600,1006,17
41031,31,41,10,031,17031100300,1003,17
41033,33,41,10,031,17031100500,1005,17
41034,34,41,10,031,17031100500,1005,17
41035,35,41,10,031,17031100200,1002,17
41036,36,41,10,031,17031100500,1005,17
41037,37,41,10,031,17031100300,1003,17
41039,39,41,12,031,17031120100,1201,17
41040,40,41,9,031,17031090100,901,17
41041,41,41,10,031,17031100400,1004,17
41042,42,41,9,031,17031090200,902,17
41043,43,41,10,031,17031100300,1003,17
41045,45,41,10,031,17031100500,1005,17
41046,46,41,10,031,17031100300,1003,17
41047,47,41,12,031,17031120100,1201,17
41023,23,41,10,031,17031810400,8104,17
41044,44,41,9,031,17031090200,902,17
41038,38,41,10,031,17031100600,1006,17
41032,32,41,10,031,17031100200,1002,17
41026,26,41,10,031,17031100300,1003,17
41013,13,41,10,031,17031810400,8104,17
41010,10,41,9,031,17031090200,902,17
41009,9,41,12,031,17031120200,1202,17
43001,1,43,7,031,17031071700,717,17
43002,2,43,7,031,17031070400,704,17
43003,3,43,7,031,17031071800,718,17
43004,4,43,7,031,17031071500,715,17
43005,5,43,7,031,17031832600,8326,17
43006,6,43,7,031,17031070300,703,17
43007,7,43,7,031,17031071200,712,17
43008,8,43,7,031,17031071400,714,17
43009,9,43,7,031,17031071600,716,17
43010,10,43,7,031,17031832600,8326,17
43011,11,43,7,031,17031071100,711,17
43012,12,43,7,031,17031071400,714,17
43013,13,43,7,031,17031070101,701.01,17
43014,14,43,7,031,17031071600,716,17
43015,15,43,7,031,17031071500,715,17
43016,16,43,7,031,17031070300,703,17
43017,17,43,7,031,17031071300,713,17
43018,18,43,7,031,17031070500,705,17
43019,19,43,7,031,17031071500,715,17
43020,20,43,7,031,17031071300,713,17
43021,21,43,7,031,17031070200,702,17
43022,22,43,7,031,17031070200,702,17
43023,23,43,7,031,17031832600,8326,17
43024,24,43,7,031,17031071400,714,17
43025,25,43,7,031,17031070101,701.01,17
43027,27,43,7,031,17031070101,701.01,17
43028,28,43,8,031,17031080100,801,17
43029,29,43,7,031,17031071200,712,17
43031,31,43,7,031,17031070400,704,17
43032,32,43,7,031,17031071400,714,17
43033,33,43,8,031,17031080100,801,17
43034,34,43,7,031,17031070101,701.01,17
43035,35,43,8,031,17031080100,801,17
43036,36,43,7,031,17031070102,701.02,17
43038,38,43,8,031,17031080100,801,17
43039,39,43,7,031,17031071000,710,17
43040,40,43,7,031,17031070200,702,17
43041,41,43,7,031,17031071100,711,17
43042,42,43,7,031,17031070200,702,17
43043,43,43,8,031,17031080100,801,17
43044,44,43,7,031,17031071300,713,17
43037,37,43,7,031,17031070103,701.03,17
43030,30,43,7,031,17031071000,710,17
43026,26,43,7,031,17031070101,701.01,17
43045,45,43,7,031,17031071700,717,17
43046,46,43,7,031,17031070300,703,17
45004,4,45,16,031,17031161000,1610,17
45001,1,45,16,031,17031160900,1609,17
45008,8,45,15,031,17031831700,8317,17
45007,7,45,16,031,17031160200,1602,17
45006,6,45,16,031,17031161100,1611,17
45005,5,45,16,031,17031161100,1611,17
45003,3,45,16,031,17031160900,1609,17
45045,45,45,10,031,17031100600,1006,17
45048,48,45,10,031,17031100700,1007,17
45009,9,45,15,031,17031150800,1508,17
45027,27,45,11,031,17031110300,1103,17
45036,36,45,11,031,17031110501,1105.01,17
45034,34,45,11,031,17031110502,1105.02,17
45041,41,45,11,031,17031110100,1101,17
45012,12,45,15,031,17031150200,1502,17
45024,24,45,11,031,17031110300,1103,17
45025,25,45,11,031,17031110300,1103,17
45015,15,45,15,031,17031150200,1502,17
45026,26,45,11,031,17031110300,1103,17
45023,23,45,11,031,17031110300,1103,17
45042,42,45,10,031,17031100100,1001,17
45040,40,45,11,031,17031110200,1102,17
45010,10,45,15,031,17031150800,1508,17
45037,37,45,11,031,17031110100,1101,17
45011,11,45,15,031,17031150200,1502,17
45038,38,45,11,031,17031110200,1102,17
45043,43,45,10,031,17031100100,1001,17
45035,35,45,11,031,17031110501,1105.01,17
45030,30,45,15,031,17031150200,1502,17
45033,33,45,11,031,17031110501,1105.01,17
45031,31,45,11,031,17031110502,1105.02,17
45014,14,45,15,031,17031150200,1502,17
45032,32,45,12,031,17031120400,1204,17
45021,21,45,11,031,17031110400,1104,17
45022,22,45,11,031,17031110300,1103,17
45039,39,45,11,031,17031110100,1101,17
45018,18,45,15,031,17031150401,1504.01,17
45019,19,45,11,031,17031110502,1105.02,17
45017,17,45,15,031,17031150300,1503,17
45013,13,45,15,031,17031150200,1502,17
45028,28,45,11,031,17031110400,1104,17
45044,44,45,10,031,17031100100,1001,17
45020,20,45,11,031,17031110400,1104,17
45002,2,45,16,031,17031160900,1609,17
45047,47,45,10,031,17031100700,1007,17
45046,46,45,10,031,17031100600,1006,17
45029,29,45,11,031,17031110400,1104,17
45016,16,45,15,031,17031150300,1503,17
47001,1,47,6,031,17031831900,8319,17
47006,6,47,6,031,17031831900,8319,17
47009,9,47,5,031,17031051200,512,17
47011,11,47,6,031,17031062500,625,17
47015,15,47,3,031,17031031100,311,17
47019,19,47,3,031,17031031100,311,17
47023,23,47,3,031,17031031100,311,17
47030,30,47,3,031,17031031000,310,17
47002,2,47,5,031,17031050500,505,17
47003,3,47,5,031,17031050200,502,17
47004,4,47,5,031,17031050500,505,17
47005,5,47,3,031,17031031900,319,17
47007,7,47,5,031,17031050900,509,17
47008,8,47,5,031,17031050200,502,17
47010,10,47,4,031,17031830800,8308,17
47012,12,47,5,031,17031050100,501,17
47013,13,47,4,031,17031040800,408,17
47014,14,47,5,031,17031050200,502,17
47016,16,47,5,031,17031050300,503,17
47017,17,47,5,031,17031050300,503,17
47018,18,47,6,031,17031060100,601,17
47020,20,47,4,031,17031040401,404.01,17
47021,21,47,5,031,17031050300,503,17
47022,22,47,4,031,17031040600,406,17
47024,24,47,6,031,17031060100,601,17
47025,25,47,6,031,17031060200,602,17
47026,26,47,4,031,17031040402,404.02,17
47027,27,47,5,031,17031050600,506,17
47028,28,47,5,031,17031050200,502,17
47029,29,47,5,031,17031050600,506,17
47031,31,47,3,031,17031031800,318,17
47032,32,47,3,031,17031031000,310,17
47034,34,47,3,031,17031031800,318,17
47035,35,47,5,031,17031050500,505,17
47036,36,47,4,031,17031830800,8308,17
47037,37,47,5,031,17031050100,501,17
47038,38,47,4,031,17031040402,404.02,17
47039,39,47,6,031,17031060200,602,17
47040,40,47,4,031,17031040800,408,17
47041,41,47,3,031,17031031900,319,17
47042,42,47,4,031,17031040700,407,17
47043,43,47,6,031,17031060300,603,17
47044,44,47,6,031,17031060400,604,17
47045,45,47,4,031,17031040900,409,17
47047,47,47,5,031,17031050700,507,17
47048,48,47,5,031,17031843700,8437,17
47046,46,47,5,031,17031843700,8437,17
47033,33,47,6,031,17031060300,603,17
48020,20,48,77,031,17031030200,302,17
48001,1,48,77,031,17031030500,305,17
48002,2,48,77,031,17031030800,308,17
48003,3,48,77,031,17031030701,307.01,17
48004,4,48,3,031,17031031300,313,17
48005,5,48,77,031,17031030604,306.04,17
48006,6,48,77,031,17031030703,307.03,17
48007,7,48,77,031,17031030800,308,17
48008,8,48,77,031,17031030601,306.01,17
48009,9,48,77,031,17031030702,307.02,17
48010,10,48,77,031,17031030800,308,17
48011,11,48,77,031,17031030800,308,17
48012,12,48,77,031,17031030703,307.03,17
48013,13,48,77,031,17031030102,301.02,17
48014,14,48,77,031,17031030706,307.06,17
48015,15,48,77,031,17031030103,301.03,17
48016,16,48,77,031,17031030601,306.01,17
48017,17,48,3,031,17031031300,313,17
48018,18,48,77,031,17031030601,306.01,17
48019,19,48,77,031,17031030800,308,17
48021,21,48,3,031,17031031200,312,17
48046,46,48,77,031,17031030104,301.04,17
48023,23,48,3,031,17031031300,313,17
48024,24,48,3,031,17031031300,313,17
48026,26,48,77,031,17031030601,306.01,17
48027,27,48,77,031,17031030104,301.04,17
48028,28,48,77,031,17031030706,307.06,17
48029,29,48,77,031,17031030706,307.06,17
48030,30,48,77,031,17031030200,302,17
48031,31,48,77,031,17031030101,301.01,17
48032,32,48,77,031,17031030102,301.02,17
48033,33,48,77,031,17031030101,301.01,17
48035,35,48,3,031,17031031200,312,17
48036,36,48,77,031,17031030706,307.06,17
48037,37,48,77,031,17031030500,305,17
48038,38,48,77,031,17031030200,302,17
48039,39,48,77,031,17031030604,306.04,17
48042,42,48,77,031,17031030500,305,17
48044,44,48,77,031,17031030500,305,17
48043,43,48,77,031,17031030706,307.06,17
48041,41,48,77,031,17031030603,306.03,17
48040,40,48,77,031,17031030500,305,17
48034,34,48,77,031,17031030200,302,17
48025,25,48,77,031,17031030200,302,17
48045,45,48,77,031,17031030200,302,17
48022,22,48,77,031,17031030101,301.01,17
49002,2,49,1,031,17031010600,106,17
49012,12,49,1,031,17031010502,105.02,17
49018,18,49,1,031,17031010600,106,17
49001,1,49,1,031,17031010100,101,17
49003,3,49,1,031,17031010702,107.02,17
49004,4,49,1,031,17031830600,8306,17
49005,5,49,1,031,17031010202,102.02,17
49006,6,49,1,031,17031010100,101,17
49007,7,49,1,031,17031010400,104,17
49008,8,49,2,031,17031020100,201,17
49009,9,49,1,031,17031010400,104,17
49010,10,49,1,031,17031010701,107.01,17
49011,11,49,1,031,17031010202,102.02,17
49013,13,49,1,031,17031010701,107.01,17
49014,14,49,1,031,17031010300,103,17
49015,15,49,1,031,17031010201,102.01,17
49016,16,49,1,031,17031010300,103,17
49017,17,49,1,031,17031010503,105.03,17
49019,19,49,1,031,17031010201,102.01,17
49021,21,49,2,031,17031020100,201,17
49022,22,49,1,031,17031010600,106,17
49023,23,49,1,031,17031010600,106,17
49024,24,49,1,031,17031010201,102.01,17
49025,25,49,1,031,17031010502,105.02,17
49027,27,49,1,031,17031010501,105.01,17
49029,29,49,1,031,17031010400,104,17
49031,31,49,1,031,17031010100,101,17
49030,30,49,1,031,17031010300,103,17
49026,26,49,1,031,17031010501,105.01,17
49028,28,49,1,031,17031830600,8306,17
49020,20,49,1,031,17031010600,106,17
49032,32,49,1,031,17031010100,101,17
49033,33,49,1,031,17031010201,102.01,17
26038,38,26,23,031,17031230500,2305,17
26046,46,26,24,031,17031242800,2428,17
04028,28,4,35,031,17031350100,3501,17
04010,10,4,39,031,17031390100,3901,17
07009,9,7,43,031,17031431400,4314,17
24025,25,24,29,031,17031290900,2909,17
