precinct_full_name,precinct_number,precinct_ward,tract_geoid
39012,12,39,17031140302
39039,39,39,17031130200
40001,1,40,17031040202
40002,2,40,17031020801
40005,5,40,17031040201
40006,6,40,17031040201
40009,9,40,17031020902
40010,10,40,17031020802
40014,14,40,17031040202
40015,15,40,17031020801
40017,17,40,17031040300
40018,18,40,17031020901
40019,19,40,17031020801
40020,20,40,17031040202
40021,21,40,17031040100
40022,22,40,17031030400
40023,23,40,17031040100
40024,24,40,17031040202
40027,27,40,17031030300
40028,28,40,17031830600
40029,29,40,17031020701
40030,30,40,17031040300
40031,31,40,17031030900
40032,32,40,17031040100
40033,33,40,17031030900
40034,34,40,17031040300
40036,36,40,17031030400
40037,37,40,17031030300
40035,35,40,17031020902
40026,26,40,17031030900
40003,3,40,17031040201
40011,11,40,17031040401
40008,8,40,17031040700
40007,7,40,17031040401
40012,12,40,17031040201
40013,13,40,17031040402
40016,16,40,17031040402
40025,25,40,17031031000
40038,38,40,17031040201
40004,4,40,17031020802
40039,39,40,17031020901
42003,3,42,17031281900
42001,1,42,17031081202
42002,2,42,17031081403
42006,6,42,17031320100
42009,9,42,17031839100
42011,11,42,17031081403
42012,12,42,17031280100
42013,13,42,17031320100
42014,14,42,17031081800
42015,15,42,17031081800
42018,18,42,17031280100
42019,19,42,17031081201
42021,21,42,17031280100
42022,22,42,17031081500
42024,24,42,17031081201
42027,27,42,17031081600
42031,31,42,17031081403
42035,35,42,17031081401
42034,34,42,17031081201
42033,33,42,17031320400
42032,32,42,17031081700
42030,30,42,17031320100
42029,29,42,17031320100
42028,28,42,17031320100
42026,26,42,17031081403
42025,25,42,17031081500
42023,23,42,17031081500
42020,20,42,17031081600
42017,17,42,17031081800
42016,16,42,17031281900
42008,8,42,17031081401
42007,7,42,17031081402
42004,4,42,17031081402
42005,5,42,17031081900
42036,36,42,17031280100
42037,37,42,17031081800
42010,10,42,17031839100
42038,38,42,17031081800
42039,39,42,17031081700
42040,40,42,17031320100
42041,41,42,17031280100
42042,42,42,17031320100
44001,1,44,17031063200
44003,3,44,17031061902
44004,4,44,17031063302
44005,5,44,17031063200
44006,6,44,17031063100
44007,7,44,17031063303
44008,8,44,17031063302
44009,9,44,17031062300
44010,10,44,17031062900
44011,11,44,17031061500
44012,12,44,17031061901
44014,14,44,17031063000
44015,15,44,17031061901
44016,16,44,17031060400
44017,17,44,17031063200
44019,19,44,17031061902
44020,20,44,17031062100
44021,21,44,17031063100
44022,22,44,17031061901
44023,23,44,17031063301
44024,24,44,17031063302
44025,25,44,17031060400
44026,26,44,17031832000
44027,27,44,17031062900
44029,29,44,17031063000
44031,31,44,17031061100
44032,32,44,17031061200
44033,33,44,17031062000
44035,35,44,17031063200
44036,36,44,17031062100
44037,37,44,17031062000
44038,38,44,17031832000
44039,39,44,17031062200
44040,40,44,17031062900
44041,41,44,17031063301
44034,34,44,17031062100
44030,30,44,17031831900
44028,28,44,17031061901
44018,18,44,17031063400
44013,13,44,17031062300
44002,2,44,17031062400
46001,1,46,17031031700
46004,4,46,17031830700
46005,5,46,17031832100
46006,6,46,17031031200
46007,7,46,17031031400
46008,8,46,17031830700
46009,9,46,17031032100
46010,10,46,17031061000
46011,11,46,17031032100
46012,12,46,17031031700
46013,13,46,17031031400
46015,15,46,17031031400
46016,16,46,17031031700
46017,17,46,17031031400
46018,18,46,17031060800
46020,20,46,17031830700
46022,22,46,17031031501
46023,23,46,17031031502
46024,24,46,17031060800
46025,25,46,17031031700
46026,26,46,17031031502
46027,27,46,17031830700
46028,28,46,17031060800
46029,29,46,17031031400
46030,30,46,17031060900
46031,31,46,17031061800
46032,32,46,17031031501
46033,33,46,17031060900
46034,34,46,17031032100
46035,35,46,17031032100
46036,36,46,17031060900
46037,37,46,17031031200
46038,38,46,17031832100
46039,39,46,17031060900
46040,40,46,17031031300
46021,21,46,17031031501
46019,19,46,17031060900
46014,14,46,17031031502
46003,3,46,17031060900
46002,2,46,17031031700
50008,8,50,17031020100
50001,1,50,17031020200
50002,2,50,17031020200
50004,4,50,17031020200
50005,5,50,17031020200
50007,7,50,17031020400
50009,9,50,17031020200
50010,10,50,17031020601
50011,11,50,17031020301
50012,12,50,17031020301
50013,13,50,17031020500
50014,14,50,17031020301
50015,15,50,17031020302
50016,16,50,17031020301
50017,17,50,17031020702
50006,6,50,17031020302
50019,19,50,17031020602
50020,20,50,17031020602
50021,21,50,17031020602
50023,23,50,17031020702
50026,26,50,17031020702
50025,25,50,17031130100
50029,29,50,17031020802
50027,27,50,17031020301
50028,28,50,17031830600
50018,18,50,17031020301
50031,31,50,17031020901
50022,22,50,17031020601
50032,32,50,17031020901
50035,35,50,17031020400
50036,36,50,17031020601
50037,37,50,17031020400
50038,38,50,17031020301
50039,39,50,17031020702
50040,40,50,17031020301
50033,33,50,17031020301
50034,34,50,17031020302
50030,30,50,17031020802
50024,24,50,17031130100
50003,3,50,17031020200
03017,17,3,17031841000
03018,18,3,17031839200
03019,19,3,17031330100
03022,22,3,17031330100
03021,21,3,17031330100
03026,26,3,17031330200
03027,27,3,17031330100
03032,32,3,17031330100
03033,33,3,17031330100
03034,34,3,17031330100
03035,35,3,17031839600
03039,39,3,17031330100
03001,1,3,17031381700
03002,2,3,17031380200
03003,3,3,17031841000
03004,4,3,17031836000
03005,5,3,17031835600
03006,6,3,17031330100
03007,7,3,17031839500
03008,8,3,17031400300
03009,9,3,17031835800
03010,10,3,17031843800
03011,11,3,17031381400
03012,12,3,17031380200
03014,14,3,17031330100
03015,15,3,17031380700
03016,16,3,17031836100
03020,20,3,17031835900
03023,23,3,17031351400
03024,24,3,17031380500
03029,29,3,17031340600
03030,30,3,17031381200
03031,31,3,17031381800
03036,36,3,17031835600
03037,37,3,17031381800
03038,38,3,17031839600
03041,41,3,17031842000
03025,25,3,17031330100
03013,13,3,17031330200
03028,28,3,17031835500
03040,40,3,17031330100
04013,13,4,17031839100
04002,2,4,17031320600
04016,16,4,17031839000
04006,6,4,17031330100
04017,17,4,17031839000
04020,20,4,17031839000
04014,14,4,17031839200
04021,21,4,17031839100
04025,25,4,17031330100
04001,1,4,17031410700
04003,3,4,17031836100
04004,4,4,17031836400
04005,5,4,17031390200
04007,7,4,17031836400
04008,8,4,17031381900
04009,9,4,17031390700
04011,11,4,17031351100
04012,12,4,17031843600
04015,15,4,17031390200
04018,18,4,17031380100
04019,19,4,17031351100
04022,22,4,17031390600
04023,23,4,17031390600
04024,24,4,17031390500
04032,32,4,17031380100
04030,30,4,17031360200
04029,29,4,17031836000
04026,26,4,17031390400
04031,31,4,17031390700
04027,27,4,17031390700
04033,33,4,17031390400
04034,34,4,17031390300
04035,35,4,17031351000
04037,37,4,17031839000
04036,36,4,17031351000
04038,38,4,17031839500
05004,4,5,17031836300
05007,7,5,17031390700
05009,9,5,17031410600
05019,19,5,17031410700
05020,20,5,17031410100
05021,21,5,17031410600
05022,22,5,17031390700
05001,1,5,17031430101
05002,2,5,17031841800
05003,3,5,17031410600
05005,5,5,17031843900
05006,6,5,17031430600
05008,8,5,17031411100
05010,10,5,17031430200
05011,11,5,17031410900
05012,12,5,17031430400
05013,13,5,17031843900
05014,14,5,17031430600
05015,15,5,17031836200
05016,16,5,17031420800
05017,17,5,17031430200
05018,18,5,17031410900
05026,26,5,17031430102
05027,27,5,17031836200
05028,28,5,17031430200
05029,29,5,17031430102
05031,31,5,17031430101
05032,32,5,17031843900
05033,33,5,17031420100
05035,35,5,17031411000
05036,36,5,17031430500
05037,37,5,17031411000
05039,39,5,17031411200
05038,38,5,17031430101
05034,34,5,17031411100
05030,30,5,17031841800
05025,25,5,17031420100
05024,24,5,17031410800
05023,23,5,17031410900
05040,40,5,17031843900
05041,41,5,17031411000
06001,1,6,17031440300
06003,3,6,17031440202
06004,4,6,17031690300
06005,5,6,17031681200
06006,6,6,17031691000
06007,7,6,17031690500
06008,8,6,17031691300
06011,11,6,17031690400
06012,12,6,17031681200
06013,13,6,17031440700
06014,14,6,17031691400
06015,15,6,17031681200
06016,16,6,17031691300
06018,18,6,17031690300
06019,19,6,17031691200
06029,29,6,17031440300
06030,30,6,17031690900
06031,31,6,17031440202
06032,32,6,17031691000
06033,33,6,17031690900
06034,34,6,17031440201
06035,35,6,17031691300
06037,37,6,17031440300
06039,39,6,17031690900
06041,41,6,17031440300
06043,43,6,17031691400
06044,44,6,17031440201
06045,45,6,17031440202
06048,48,6,17031691000
06047,47,6,17031691100
06046,46,6,17031691400
06042,42,6,17031440201
06040,40,6,17031690900
06038,38,6,17031440202
06036,36,6,17031440202
06028,28,6,17031681000
06027,27,6,17031681400
06026,26,6,17031681100
06025,25,6,17031681400
06024,24,6,17031681000
06023,23,6,17031681100
06022,22,6,17031671800
06021,21,6,17031834900
06020,20,6,17031710100
06017,17,6,17031681300
06010,10,6,17031681300
06009,9,6,17031690400
06002,2,6,17031440300
07003,3,7,17031430800
07001,1,7,17031430500
07002,2,7,17031430500
07033,33,7,17031480500
07029,29,7,17031460400
07017,17,7,17031431301
07030,30,7,17031460301
07031,31,7,17031460600
07020,20,7,17031460302
07004,4,7,17031430800
07013,13,7,17031431400
07035,35,7,17031480500
07010,10,7,17031431200
07018,18,7,17031431400
07034,34,7,17031480500
07011,11,7,17031431302
07016,16,7,17031431301
07021,21,7,17031460100
07019,19,7,17031460400
07028,28,7,17031460301
07044,44,7,17031510200
07007,7,7,17031431302
07040,40,7,17031510300
07027,27,7,17031460400
07023,23,7,17031460400
07012,12,7,17031431302
07014,14,7,17031431400
07022,22,7,17031460100
07025,25,7,17031460100
07006,6,7,17031430700
07039,39,7,17031510300
07042,42,7,17031510300
07038,38,7,17031510300
07032,32,7,17031480400
07005,5,7,17031430700
07037,37,7,17031480400
07024,24,7,17031460302
07008,8,7,17031431400
07043,43,7,17031510200
07015,15,7,17031460500
07026,26,7,17031460500
07036,36,7,17031480400
07045,45,7,17031838800
07041,41,7,17031510300
07046,46,7,17031480500
08001,1,8,17031430400
08002,2,8,17031430400
08021,21,8,17031834200
08015,15,8,17031440900
08016,16,8,17031691500
08003,3,8,17031480400
08004,4,8,17031480100
08005,5,8,17031480400
08006,6,8,17031834300
08007,7,8,17031460500
08008,8,8,17031480100
08010,10,8,17031834300
08011,11,8,17031460500
08012,12,8,17031480300
08013,13,8,17031834200
08014,14,8,17031440102
08017,17,8,17031480100
08018,18,8,17031440101
08019,19,8,17031480100
08009,9,8,17031431200
08020,20,8,17031834200
08024,24,8,17031460500
08027,27,8,17031480400
08028,28,8,17031431200
08029,29,8,17031834300
08030,30,8,17031450300
08031,31,8,17031440900
08032,32,8,17031500100
08033,33,8,17031470100
08034,34,8,17031500100
08035,35,8,17031480200
08036,36,8,17031460500
08038,38,8,17031470100
08039,39,8,17031500100
08040,40,8,17031440102
08043,43,8,17031691500
08046,46,8,17031460500
08047,47,8,17031500100
08049,49,8,17031450300
08050,50,8,17031450300
08051,51,8,17031450300
08052,52,8,17031834300
08037,37,8,17031834300
08048,48,8,17031834300
08045,45,8,17031440101
08044,44,8,17031834300
08042,42,8,17031430900
08056,56,8,17031480200
08026,26,8,17031691500
08025,25,8,17031440800
08022,22,8,17031500100
08023,23,8,17031470100
08053,53,8,17031460500
08054,54,8,17031440101
08055,55,8,17031834300
08041,41,8,17031440102
10006,6,10,17031510100
10008,8,10,17031460700
10015,15,10,17031510200
10001,1,10,17031461000
10002,2,10,17031550100
10003,3,10,17031550100
10004,4,10,17031460100
10005,5,10,17031550100
10007,7,10,17031510100
10009,9,10,17031838800
10010,10,10,17031520500
10011,11,10,17031520300
10012,12,10,17031520600
10013,13,10,17031838800
10014,14,10,17031520600
10016,16,10,17031550200
10017,17,10,17031550200
10018,18,10,17031460700
10019,19,10,17031520500
10020,20,10,17031520400
10024,24,10,17031550100
10025,25,10,17031480500
10026,26,10,17031520100
10027,27,10,17031460301
10028,28,10,17031520400
10029,29,10,17031520400
10030,30,10,17031520300
10031,31,10,17031520200
10032,32,10,17031520400
10033,33,10,17031838800
10035,35,10,17031550100
10034,34,10,17031833900
10022,22,10,17031520100
10021,21,10,17031510200
10023,23,10,17031520600
10036,36,10,17031461000
11002,2,11,17031841900
11001,1,11,17031600600
11004,4,11,17031840200
11005,5,11,17031600900
11008,8,11,17031600600
11009,9,11,17031600700
11011,11,11,17031839700
11012,12,11,17031610800
11014,14,11,17031340300
11019,19,11,17031839700
11021,21,11,17031839900
11024,24,11,17031839900
11025,25,11,17031590700
11028,28,11,17031843800
11027,27,11,17031840100
11032,32,11,17031340500
11031,31,11,17031842600
11030,30,11,17031340400
11029,29,11,17031840000
11026,26,11,17031839700
11023,23,11,17031840000
11022,22,11,17031839800
11020,20,11,17031840000
11018,18,11,17031840100
11017,17,11,17031839700
11016,16,11,17031600400
11015,15,11,17031600400
11013,13,11,17031842600
11010,10,11,17031840200
11006,6,11,17031283800
11007,7,11,17031841900
11003,3,11,17031310200
11033,33,11,17031841900
11034,34,11,17031340500
11035,35,11,17031340500
11038,38,11,17031310200
11037,37,11,17031841100
11036,36,11,17031340400
12001,1,12,17031590600
12003,3,12,17031590500
12004,4,12,17031590500
12005,5,12,17031840400
12009,9,12,17031840400
12023,23,12,17031590700
12002,2,12,17031580200
12006,6,12,17031580100
12007,7,12,17031840700
12008,8,12,17031840300
12011,11,12,17031580300
12012,12,12,17031580200
12015,15,12,17031843500
12018,18,12,17031301100
12019,19,12,17031610300
12021,21,12,17031610300
12022,22,12,17031300900
12013,13,12,17031580600
12020,20,12,17031580501
12017,17,12,17031580100
12016,16,12,17031300800
12014,14,12,17031300900
12010,10,12,17031840700
13001,1,13,17031640300
13003,3,13,17031620400
13004,4,13,17031640600
13005,5,13,17031650500
13007,7,13,17031620300
13008,8,13,17031640300
13009,9,13,17031650500
13012,12,13,17031980100
13013,13,13,17031640700
13014,14,13,17031650200
13015,15,13,17031620300
13016,16,13,17031650200
13017,17,13,17031640300
13019,19,13,17031650400
13023,23,13,17031650200
13024,24,13,17031620300
13025,25,13,17031640100
13026,26,13,17031640600
13027,27,13,17031640700
13028,28,13,17031650301
13029,29,13,17031650301
13030,30,13,17031650302
13034,34,13,17031650302
13035,35,13,17031650301
13036,36,13,17031640800
13037,37,13,17031640800
13039,39,13,17031650301
13040,40,13,17031620300
13041,41,13,17031650400
13043,43,13,17031640700
13044,44,13,17031650400
13045,45,13,17031640600
13046,46,13,17031650500
13047,47,13,17031650400
13048,48,13,17031561100
13042,42,13,17031561000
13038,38,13,17031640400
13033,33,13,17031561100
13032,32,13,17031561100
13031,31,13,17031640400
13022,22,13,17031561100
13021,21,13,17031561000
13020,20,13,17031640400
13018,18,13,17031640300
13011,11,13,17031640300
13010,10,13,17031561000
13006,6,13,17031561000
13002,2,13,17031640300
14002,2,14,17031570200
14003,3,14,17031630900
14005,5,14,17031630800
14006,6,14,17031630300
14012,12,14,17031560400
14010,10,14,17031842800
14011,11,14,17031630300
14013,13,14,17031570400
14014,14,14,17031630500
14015,15,14,17031630300
14016,16,14,17031580400
14017,17,14,17031630200
14019,19,14,17031630400
14020,20,14,17031580400
14021,21,14,17031630400
14018,18,14,17031835200
14025,25,14,17031630200
14026,26,14,17031630400
14027,27,14,17031570100
14028,28,14,17031570300
14029,29,14,17031630500
14030,30,14,17031630400
14031,31,14,17031842800
14022,22,14,17031835200
14008,8,14,17031570300
14004,4,14,17031560800
14007,7,14,17031570300
14024,24,14,17031560800
14009,9,14,17031560800
14001,1,14,17031560900
14023,23,14,17031560700
15001,1,15,17031842600
15004,4,15,17031580800
15005,5,15,17031610300
15006,6,15,17031580600
15008,8,15,17031580800
15009,9,15,17031580700
15010,10,15,17031580502
15011,11,15,17031580502
15012,12,15,17031842800
15002,2,15,17031670600
15003,3,15,17031670500
15007,7,15,17031671300
15017,17,15,17031670300
15018,18,15,17031671200
15020,20,15,17031670700
15023,23,15,17031670400
15024,24,15,17031671300
15022,22,15,17031671200
15021,21,15,17031670400
15019,19,15,17031630100
15016,16,15,17031835100
15015,15,15,17031611500
15014,14,15,17031611400
15013,13,15,17031610300
16001,1,16,17031630800
16003,3,16,17031670500
16004,4,16,17031660800
16006,6,16,17031660700
16013,13,16,17031660302
16016,16,16,17031671400
16017,17,16,17031835000
16018,18,16,17031835000
16019,19,16,17031835000
16021,21,16,17031660700
16022,22,16,17031660600
16024,24,16,17031671400
16002,2,16,17031611700
16005,5,16,17031670200
16007,7,16,17031611600
16008,8,16,17031611700
16009,9,16,17031670900
16010,10,16,17031670200
16011,11,16,17031835100
16012,12,16,17031611800
16014,14,16,17031670100
16015,15,16,17031680500
16020,20,16,17031670100
16023,23,16,17031835100
16025,25,16,17031834800
16026,26,16,17031680600
16027,27,16,17031680600
16031,31,16,17031670800
16032,32,16,17031660302
16035,35,16,17031660302
16036,36,16,17031834700
16028,28,16,17031681000
16034,34,16,17031671100
16029,29,16,17031671600
16030,30,16,17031681000
16033,33,16,17031671100
17001,1,17,17031660900
17003,3,17,17031660900
17006,6,17,17031660600
17007,7,17,17031660600
17012,12,17,17031660800
17014,14,17,17031660600
17016,16,17,17031660800
17017,17,17,17031660900
17002,2,17,17031710200
17004,4,17,17031710400
17005,5,17,17031671800
17008,8,17,17031660900
17009,9,17,17031710200
17010,10,17,17031710800
17011,11,17,17031672000
17013,13,17,17031834900
17015,15,17,17031691200
17019,19,17,17031671500
17021,21,17,17031691200
17022,22,17,17031710200
17023,23,17,17031671900
17024,24,17,17031710800
17026,26,17,17031710300
17027,27,17,17031710200
17028,28,17,17031681400
17029,29,17,17031710200
17031,31,17,17031671500
17032,32,17,17031672000
17033,33,17,17031671500
17034,34,17,17031672000
17035,35,17,17031671600
17036,36,17,17031661000
17037,37,17,17031672000
17038,38,17,17031710400
17039,39,17,17031842400
17040,40,17,17031710400
17041,41,17,17031710400
17030,30,17,17031661100
17025,25,17,17031660900
17020,20,17,17031710500
17018,18,17,17031711200
18015,15,18,17031700200
18024,24,18,17031700302
18025,25,18,17031700301
18030,30,18,17031700301
18040,40,18,17031700301
18043,43,18,17031650500
18044,44,18,17031700302
18046,46,18,17031700200
18047,47,18,17031661000
18001,1,18,17031700100
18002,2,18,17031700200
18003,3,18,17031700302
18004,4,18,17031700501
18005,5,18,17031661000
18006,6,18,17031700302
18007,7,18,17031700402
18008,8,18,17031700501
18009,9,18,17031700502
18010,10,18,17031700402
18011,11,18,17031700401
18012,12,18,17031700100
18013,13,18,17031700402
18014,14,18,17031700501
18016,16,18,17031700501
18017,17,18,17031700401
18018,18,18,17031700501
18019,19,18,17031710500
18020,20,18,17031710400
18021,21,18,17031700401
18022,22,18,17031700501
18023,23,18,17031700401
18026,26,18,17031700502
18027,27,18,17031661100
18028,28,18,17031700302
18029,29,18,17031700401
18031,31,18,17031700100
18032,32,18,17031711200
18033,33,18,17031661000
18034,34,18,17031700502
18035,35,18,17031700501
18036,36,18,17031700402
18037,37,18,17031700502
18038,38,18,17031710400
18039,39,18,17031661100
18041,41,18,17031700501
18042,42,18,17031700100
18045,45,18,17031700200
18048,48,18,17031661000
18049,49,18,17031661000
18050,50,18,17031661000
19001,1,19,17031720500
19002,2,19,17031720300
19003,3,19,17031740200
19004,4,19,17031740300
19005,5,19,17031720100
19006,6,19,17031740100
19007,7,19,17031750400
19009,9,19,17031740200
19010,10,19,17031720100
19011,11,19,17031740400
19012,12,19,17031740200
19013,13,19,17031720200
19014,14,19,17031750500
19015,15,19,17031740400
19016,16,19,17031740300
19017,17,19,17031750300
19018,18,19,17031720100
19019,19,19,17031720300
19021,21,19,17031740400
19022,22,19,17031720300
19023,23,19,17031750300
19024,24,19,17031740200
19025,25,19,17031720200
19026,26,19,17031720700
19027,27,19,17031720200
19028,28,19,17031720700
19029,29,19,17031740100
19030,30,19,17031740200
19031,31,19,17031750200
19032,32,19,17031823304
19033,33,19,17031740200
19034,34,19,17031720600
19035,35,19,17031720600
19036,36,19,17031720700
19037,37,19,17031720700
19038,38,19,17031720200
19039,39,19,17031740400
19040,40,19,17031750200
19041,41,19,17031740400
19042,42,19,17031750200
19043,43,19,17031750200
19044,44,19,17031740300
19045,45,19,17031720400
19046,46,19,17031750300
19047,47,19,17031750400
19048,48,19,17031750500
19049,49,19,17031750500
19052,52,19,17031740100
19053,53,19,17031720400
19054,54,19,17031740300
19055,55,19,17031740200
19056,56,19,17031720100
19057,57,19,17031720200
19008,8,19,17031740300
19051,51,19,17031720500
19050,50,19,17031750300
19020,20,19,17031750500
23002,2,23,17031640600
23004,4,23,17031561100
23005,5,23,17031650100
23007,7,23,17031650100
23010,10,23,17031650200
23011,11,23,17031650302
23013,13,23,17031630900
23015,15,23,17031660400
23017,17,23,17031660400
23019,19,23,17031660500
23020,20,23,17031660400
23001,1,23,17031561000
23003,3,23,17031560900
23006,6,23,17031620200
23008,8,23,17031980100
23009,9,23,17031620100
23012,12,23,17031561000
23014,14,23,17031560800
23016,16,23,17031560900
23018,18,23,17031640400
23024,24,23,17031620100
23027,27,23,17031560900
23026,26,23,17031620200
23025,25,23,17031570500
23023,23,23,17031640500
23022,22,23,17031560800
23021,21,23,17031560900
23028,28,23,17031640500
23029,29,23,17031561100
23030,30,23,17031650100
23031,31,23,17031660500
23032,32,23,17031650100
23033,33,23,17031620400
23035,35,23,17031640500
23036,36,23,17031560900
23037,37,23,17031560900
23038,38,23,17031561100
23039,39,23,17031620100
23034,34,23,17031660400
26003,3,26,17031242500
26001,1,26,17031242600
26002,2,26,17031836600
26005,5,26,17031230900
26006,6,26,17031230800
26009,9,26,17031230900
26010,10,26,17031240900
26011,11,26,17031230400
26012,12,26,17031230900
26014,14,26,17031230300
26017,17,26,17031242800
26018,18,26,17031230700
26020,20,26,17031241100
26021,21,26,17031242700
26024,24,26,17031220901
26025,25,26,17031240900
26027,27,26,17031240900
26029,29,26,17031230200
26032,32,26,17031243000
26033,33,26,17031242600
26034,34,26,17031221100
26035,35,26,17031242600
26036,36,26,17031242600
26031,31,26,17031230700
26030,30,26,17031230100
26028,28,26,17031242900
26026,26,26,17031242600
26023,23,26,17031220901
26022,22,26,17031230500
26019,19,26,17031230600
26016,16,26,17031230700
26015,15,26,17031230600
26013,13,26,17031230500
26008,8,26,17031831200
26007,7,26,17031221100
26004,4,26,17031230600
26049,49,26,17031200402
26047,47,26,17031230400
26044,44,26,17031230700
26045,45,26,17031230700
26043,43,26,17031230700
26037,37,26,17031221000
26041,41,26,17031230900
26040,40,26,17031230200
26042,42,26,17031230100
26048,48,26,17031241100
26039,39,26,17031242500
28005,5,28,17031842900
28006,6,28,17031833100
28008,8,28,17031833100
28010,10,28,17031283200
28004,4,28,17031283100
28011,11,28,17031282700
28009,9,28,17031260600
28016,16,28,17031260500
28017,17,28,17031260800
28019,19,28,17031842900
28027,27,28,17031832900
28028,28,28,17031832900
28001,1,28,17031252202
28002,2,28,17031836800
28003,3,28,17031271300
28012,12,28,17031252201
28014,14,28,17031251900
28020,20,28,17031836800
28021,21,28,17031251800
28022,22,28,17031836800
28023,23,28,17031842100
28024,24,28,17031260200
01002,2,1,17031222700
01003,3,1,17031242100
01004,4,1,17031242200
01005,5,1,17031241400
01006,6,1,17031243400
01007,7,1,17031221500
01008,8,1,17031241400
01009,9,1,17031221500
01010,10,1,17031242100
01011,11,1,17031241400
01012,12,1,17031242400
01013,13,1,17031221400
01014,14,1,17031241200
01015,15,1,17031242500
01016,16,1,17031221400
01017,17,1,17031222700
01018,18,1,17031242600
01020,20,1,17031222600
01021,21,1,17031241400
01022,22,1,17031240700
01027,27,1,17031240600
01028,28,1,17031830900
01029,29,1,17031832400
01030,30,1,17031240800
01032,32,1,17031243000
01033,33,1,17031243200
01034,34,1,17031221400
01036,36,1,17031242100
01038,38,1,17031241200
01039,39,1,17031243100
01040,40,1,17031242000
01037,37,1,17031243300
01035,35,1,17031243200
01031,31,1,17031240700
01026,26,1,17031222900
01025,25,1,17031241100
01024,24,1,17031241000
01023,23,1,17031221300
01019,19,1,17031221300
01001,1,1,17031222500
01041,41,1,17031220300
01042,42,1,17031830900
01043,43,1,17031221500
01044,44,1,17031832400
02001,1,2,17031241600
02003,3,2,17031242200
02004,4,2,17031242200
02005,5,2,17031242000
02006,6,2,17031241600
02007,7,2,17031241500
02008,8,2,17031241600
02009,9,2,17031080400
02010,10,2,17031081300
02011,11,2,17031081300
02002,2,2,17031081300
02012,12,2,17031071800
02013,13,2,17031081300
02014,14,2,17031242300
02015,15,2,17031241300
02016,16,2,17031241300
02017,17,2,17031242400
02018,18,2,17031081300
02019,19,2,17031081300
02020,20,2,17031842300
02021,21,2,17031242300
02022,22,2,17031832500
02023,23,2,17031081202
02024,24,2,17031070600
02025,25,2,17031240300
02026,26,2,17031832500
02027,27,2,17031081100
02028,28,2,17031080300
02029,29,2,17031081202
02030,30,2,17031080202
02031,31,2,17031080201
02032,32,2,17031081000
02033,33,2,17031071500
02034,34,2,17031081202
02036,36,2,17031080202
02037,37,2,17031080201
02038,38,2,17031080202
02039,39,2,17031081000
02040,40,2,17031081700
02041,41,2,17031081000
02042,42,2,17031081100
02043,43,2,17031081100
02044,44,2,17031071500
02045,45,2,17031081100
02046,46,2,17031071700
02035,35,2,17031080300
09012,12,9,17031440700
09023,23,9,17031490300
09024,24,9,17031490500
09025,25,9,17031440900
09048,48,9,17031440900
09049,49,9,17031440600
09050,50,9,17031440600
09051,51,9,17031490500
09042,42,9,17031490500
09001,1,9,17031490902
09002,2,9,17031490800
09003,3,9,17031540102
09004,4,9,17031530502
09005,5,9,17031490902
09006,6,9,17031530503
09007,7,9,17031530100
09008,8,9,17031500200
09009,9,9,17031490901
09010,10,9,17031490700
09011,11,9,17031530600
09013,13,9,17031490800
09035,35,9,17031490800
09015,15,9,17031540101
09016,16,9,17031530501
09017,17,9,17031490800
09018,18,9,17031530501
09019,19,9,17031530503
09020,20,9,17031490700
09021,21,9,17031730500
09022,22,9,17031490902
09026,26,9,17031540101
09027,27,9,17031730500
09028,28,9,17031530100
09029,29,9,17031490902
09030,30,9,17031490700
09031,31,9,17031491400
09032,32,9,17031490902
09033,33,9,17031540102
09034,34,9,17031490901
09014,14,9,17031490800
09036,36,9,17031440900
09037,37,9,17031500300
09038,38,9,17031490901
09039,39,9,17031530502
09040,40,9,17031490902
09041,41,9,17031530600
09043,43,9,17031491400
09044,44,9,17031530502
09045,45,9,17031530600
09046,46,9,17031491400
09047,47,9,17031490300
20002,2,20,17031611000
20004,4,20,17031611000
20006,6,20,17031834700
20008,8,20,17031421200
20017,17,20,17031611100
20020,20,20,17031611300
20021,21,20,17031611900
20025,25,20,17031612000
20001,1,20,17031420500
20003,3,20,17031420600
20005,5,20,17031420800
20007,7,20,17031400800
20009,9,20,17031834400
20010,10,20,17031420700
20011,11,20,17031400400
20012,12,20,17031834500
20013,13,20,17031680900
20014,14,20,17031400300
20015,15,20,17031611100
20016,16,20,17031420400
20018,18,20,17031420700
20022,22,20,17031834400
20023,23,20,17031400800
20024,24,20,17031420300
20026,26,20,17031420200
20028,28,20,17031690400
20031,31,20,17031400500
20034,34,20,17031420300
20035,35,20,17031842500
20033,33,20,17031420700
20019,19,20,17031420600
20027,27,20,17031834600
20032,32,20,17031612100
20030,30,20,17031834600
20029,29,20,17031680900
20036,36,20,17031834700
20037,37,20,17031834600
20039,39,20,17031834600
20038,38,20,17031843800
21007,7,21,17031711200
21009,9,21,17031711200
21013,13,21,17031711200
21016,16,21,17031711300
21001,1,21,17031730400
21002,2,21,17031710900
21003,3,21,17031711300
21004,4,21,17031710900
21005,5,21,17031730500
21006,6,21,17031711400
21008,8,21,17031730201
21010,10,21,17031730202
21011,11,21,17031711500
21012,12,21,17031711500
21014,14,21,17031730300
21015,15,21,17031710500
21017,17,21,17031711000
21018,18,21,17031730201
21019,19,21,17031730202
21021,21,21,17031730400
21022,22,21,17031730201
21023,23,21,17031490600
21024,24,21,17031730100
21025,25,21,17031490600
21026,26,21,17031710500
21027,27,21,17031730500
21028,28,21,17031710700
21029,29,21,17031711200
21030,30,21,17031710600
21031,31,21,17031842400
21032,32,21,17031711400
21033,33,21,17031711000
21034,34,21,17031711000
21035,35,21,17031730100
21036,36,21,17031730201
21037,37,21,17031730400
21038,38,21,17031834000
21039,39,21,17031834000
21049,49,21,17031730202
21041,41,21,17031730400
21042,42,21,17031730201
21043,43,21,17031710800
21044,44,21,17031834000
21045,45,21,17031834000
21046,46,21,17031730202
21047,47,21,17031710600
21048,48,21,17031711100
21040,40,21,17031730100
21050,50,21,17031711400
21051,51,21,17031710800
21052,52,21,17031711100
21053,53,21,17031842400
21054,54,21,17031710800
21020,20,21,17031711100
22003,3,22,17031301702
22004,4,22,17031300500
22005,5,22,17031301801
22006,6,22,17031301801
22009,9,22,17031301600
22010,10,22,17031830500
22011,11,22,17031301600
22013,13,22,17031300600
22014,14,22,17031300600
22015,15,22,17031830500
22016,16,22,17031830500
22017,17,22,17031301802
22018,18,22,17031300700
22019,19,22,17031300500
22020,20,22,17031301803
22021,21,22,17031843400
22022,22,22,17031300700
22025,25,22,17031301701
22007,7,22,17031830500
22024,24,22,17031301803
22023,23,22,17031560200
22012,12,22,17031560100
22008,8,22,17031560300
22002,2,22,17031560300
22001,1,22,17031560200
24001,1,24,17031292500
24002,2,24,17031291200
24003,3,24,17031292200
24004,4,24,17031270500
24005,5,24,17031843000
24006,6,24,17031292200
24008,8,24,17031290900
24009,9,24,17031841400
24010,10,24,17031841600
24011,11,24,17031290900
24012,12,24,17031841500
24013,13,24,17031292200
24014,14,24,17031843100
24015,15,24,17031292400
24017,17,24,17031260900
24019,19,24,17031261000
24020,20,24,17031260900
24021,21,24,17031291200
24022,22,24,17031843000
24023,23,24,17031843100
24024,24,24,17031838700
24027,27,24,17031837300
24028,28,24,17031838700
24030,30,24,17031843000
24031,31,24,17031292400
24032,32,24,17031261000
24034,34,24,17031838700
24035,35,24,17031841500
24036,36,24,17031292500
24038,38,24,17031843100
24041,41,24,17031831400
24040,40,24,17031843000
24039,39,24,17031841700
24037,37,24,17031292500
24033,33,24,17031292500
24029,29,24,17031292500
24026,26,24,17031843000
24018,18,24,17031271500
24016,16,24,17031843500
24007,7,24,17031291600
25003,3,25,17031833300
25004,4,25,17031283800
25010,10,25,17031833100
25027,27,25,17031841900
25020,20,25,17031842900
25021,21,25,17031839000
25026,26,25,17031841300
25015,15,25,17031843200
25031,31,25,17031833100
25032,32,25,17031843200
25001,1,25,17031841300
25002,2,25,17031843200
25005,5,25,17031841300
25006,6,25,17031841100
25007,7,25,17031843200
25008,8,25,17031841200
25009,9,25,17031841200
25011,11,25,17031310900
25012,12,25,17031310400
25013,13,25,17031310800
25014,14,25,17031841100
25016,16,25,17031833000
25017,17,25,17031310400
25018,18,25,17031841100
25019,19,25,17031310800
25022,22,25,17031310900
25023,23,25,17031310300
25024,24,25,17031310600
25025,25,25,17031833300
25028,28,25,17031843200
25029,29,25,17031842900
25030,30,25,17031841200
27024,24,27,17031231200
27028,28,27,17031838300
27019,19,27,17031231200
27022,22,27,17031231200
27003,3,27,17031231100
27005,5,27,17031836600
27015,15,27,17031231500
27034,34,27,17031231500
27023,23,27,17031231500
27008,8,27,17031231500
27044,44,27,17031836700
27031,31,27,17031836700
27026,26,27,17031837100
27036,36,27,17031837100
27014,14,27,17031837000
27027,27,27,17031280400
27033,33,27,17031833000
27004,4,27,17031837100
27039,39,27,17031837100
27030,30,27,17031837400
27017,17,27,17031280800
27043,43,27,17031837800
27032,32,27,17031837800
27025,25,27,17031838000
27018,18,27,17031838000
27041,41,27,17031838000
27002,2,27,17031833100
27045,45,27,17031833000
27016,16,27,17031833000
27011,11,27,17031842300
27040,40,27,17031243500
27013,13,27,17031842300
27035,35,27,17031842200
27021,21,27,17031842200
27029,29,27,17031231100
27037,37,27,17031842200
27006,6,27,17031842200
27009,9,27,17031080300
27020,20,27,17031080400
27042,42,27,17031080300
27012,12,27,17031080300
27038,38,27,17031081000
27010,10,27,17031838200
27007,7,27,17031243300
27001,1,27,17031243500
27046,46,27,17031080300
27047,47,27,17031080400
27048,48,27,17031081900
27049,49,27,17031837000
27050,50,27,17031280800
31007,7,31,17031220702
31008,8,31,17031151002
31002,2,31,17031190800
31003,3,31,17031190300
31005,5,31,17031200100
31006,6,31,17031190100
31009,9,31,17031190200
31010,10,31,17031210400
31013,13,31,17031200200
31015,15,31,17031190402
31021,21,31,17031190800
31024,24,31,17031200100
31025,25,31,17031190300
31026,26,31,17031200100
31023,23,31,17031210400
31022,22,31,17031200300
31020,20,31,17031190701
31019,19,31,17031190300
31017,17,31,17031190200
31016,16,31,17031220701
31014,14,31,17031151100
31012,12,31,17031151002
31011,11,31,17031151001
31027,27,31,17031190200
31028,28,31,17031190800
31029,29,31,17031190900
31018,18,31,17031200200
31030,30,31,17031190100
31004,4,31,17031220701
31001,1,31,17031200200
31031,31,31,17031190300
31032,32,31,17031190702
31033,33,31,17031151001
31034,34,31,17031151002
31035,35,31,17031190200
31036,36,31,17031200100
31038,38,31,17031190800
31037,37,31,17031190800
31039,39,31,17031220702
31041,41,31,17031200200
31040,40,31,17031220702
32001,1,32,17031830900
32002,2,32,17031240500
32003,3,32,17031830900
32006,6,32,17031222200
32009,9,32,17031843700
32011,11,32,17031220500
32012,12,32,17031221100
32004,4,32,17031832200
32005,5,32,17031832200
32007,7,32,17031062800
32008,8,32,17031062800
32010,10,32,17031062700
32013,13,32,17031070700
32015,15,32,17031051200
32016,16,32,17031221600
32018,18,32,17031070600
32019,19,32,17031051000
32021,21,32,17031050800
32023,23,32,17031062800
32024,24,32,17031070700
32025,25,32,17031050900
32027,27,32,17031070700
32029,29,32,17031221600
32030,30,32,17031051300
32031,31,32,17031831000
32033,33,32,17031832300
32034,34,32,17031832200
32035,35,32,17031240200
32036,36,32,17031240300
32037,37,32,17031832300
32039,39,32,17031070600
32040,40,32,17031062600
32041,41,32,17031051300
32042,42,32,17031051100
32038,38,32,17031051400
32032,32,32,17031222200
32028,28,32,17031220500
32026,26,32,17031220400
32022,22,32,17031221200
32020,20,32,17031221200
32017,17,32,17031220400
32014,14,32,17031220500
32043,43,32,17031220300
33005,5,33,17031210900
33009,9,33,17031210100
33016,16,33,17031160800
33019,19,33,17031210900
33001,1,33,17031140702
33003,3,33,17031140800
33004,4,33,17031210100
33006,6,33,17031160700
33008,8,33,17031140800
33010,10,33,17031160700
33011,11,33,17031160602
33012,12,33,17031160700
33013,13,33,17031210700
33015,15,33,17031160501
33017,17,33,17031160502
33018,18,33,17031140100
33020,20,33,17031140702
33021,21,33,17031160601
33022,22,33,17031160700
33023,23,33,17031160601
33024,24,33,17031140800
33025,25,33,17031160602
33027,27,33,17031140701
33028,28,33,17031210700
33026,26,33,17031210700
33014,14,33,17031210800
33007,7,33,17031140200
33002,2,33,17031140200
34017,17,34,17031750500
34046,46,34,17031730500
34049,49,34,17031730600
34052,52,34,17031730400
34001,1,34,17031530300
34002,2,34,17031750100
34003,3,34,17031530503
34004,4,34,17031491000
34005,5,34,17031530300
34006,6,34,17031530503
34007,7,34,17031530300
34008,8,34,17031750600
34009,9,34,17031530200
34010,10,34,17031530300
34011,11,34,17031530200
34012,12,34,17031730700
34013,13,34,17031750600
34014,14,34,17031530200
34016,16,34,17031530501
34018,18,34,17031491000
34019,19,34,17031750500
34020,20,34,17031491100
34021,21,34,17031750100
34022,22,34,17031491100
34023,23,34,17031491200
34024,24,34,17031491100
34025,25,34,17031730600
34026,26,34,17031821402
34027,27,34,17031491000
34028,28,34,17031491000
34029,29,34,17031750600
34030,30,34,17031491100
34031,31,34,17031530501
34032,32,34,17031750600
34033,33,34,17031530200
34034,34,34,17031730500
34035,35,34,17031730700
34036,36,34,17031491100
34037,37,34,17031491300
34038,38,34,17031491300
34039,39,34,17031491000
34040,40,34,17031530400
34041,41,34,17031491200
34042,42,34,17031491200
34043,43,34,17031750600
34044,44,34,17031730600
34047,47,34,17031750100
34048,48,34,17031750100
34050,50,34,17031530501
34051,51,34,17031530400
34053,53,34,17031491300
34045,45,34,17031730600
34015,15,34,17031530300
35002,2,35,17031220602
35003,3,35,17031220901
35007,7,35,17031221000
35008,8,35,17031221000
35010,10,35,17031220601
35012,12,35,17031200402
35013,13,35,17031831200
35014,14,35,17031220902
35016,16,35,17031831200
35018,18,35,17031200402
35019,19,35,17031200401
35020,20,35,17031140702
35022,22,35,17031140602
35023,23,35,17031160502
35027,27,35,17031160501
35001,1,35,17031210601
35004,4,35,17031831100
35005,5,35,17031210602
35006,6,35,17031210602
35011,11,35,17031210602
35015,15,35,17031220602
35017,17,35,17031220602
35024,24,35,17031831100
35025,25,35,17031220602
35026,26,35,17031160800
35028,28,35,17031220602
35021,21,35,17031220902
35029,29,35,17031140301
35030,30,35,17031140601
35031,31,35,17031160400
35009,9,35,17031140601
36002,2,36,17031191301
36005,5,36,17031191301
36006,6,36,17031191100
36008,8,36,17031191100
36009,9,36,17031191100
36011,11,36,17031191000
36012,12,36,17031831200
36013,13,36,17031191000
36001,1,36,17031831600
36003,3,36,17031831600
36004,4,36,17031831500
36007,7,36,17031171000
36010,10,36,17031831500
36019,19,36,17031180100
36026,26,36,17031171000
36028,28,36,17031180100
36024,24,36,17031190401
36030,30,36,17031171100
36029,29,36,17031180100
36027,27,36,17031831600
36025,25,36,17031191200
36023,23,36,17031191302
36022,22,36,17031191100
36021,21,36,17031191302
36020,20,36,17031151200
36018,18,36,17031171100
36017,17,36,17031151200
36016,16,36,17031150700
36015,15,36,17031170200
36014,14,36,17031150600
39003,3,39,17031160200
39042,42,39,17031120300
39004,4,39,17031120300
39005,5,39,17031140400
39009,9,39,17031140400
39007,7,39,17031140400
39008,8,39,17031140400
39010,10,39,17031140302
39011,11,39,17031130200
39015,15,39,17031120300
39016,16,39,17031130300
39018,18,39,17031130300
39019,19,39,17031160200
39001,1,39,17031120300
39006,6,39,17031140500
39025,25,39,17031160300
39040,40,39,17031120300
39028,28,39,17031160400
39029,29,39,17031140302
39031,31,39,17031140500
39026,26,39,17031120300
39033,33,39,17031831800
39034,34,39,17031160300
39035,35,39,17031831800
39032,32,39,17031130100
39037,37,39,17031120300
39038,38,39,17031130200
39002,2,39,17031130100
39030,30,39,17031831800
39013,13,39,17031130300
39022,22,39,17031831800
39023,23,39,17031110100
39045,45,39,17031120200
39027,27,39,17031120100
39014,14,39,17031160100
39017,17,39,17031160100
39020,20,39,17031100100
39041,41,39,17031120400
39024,24,39,17031110100
39043,43,39,17031120200
39021,21,39,17031100100
39044,44,39,17031120200
39036,36,39,17031130100
28025,25,28,17031271400
28032,32,28,17031271200
28033,33,28,17031260400
28035,35,28,17031271800
28036,36,28,17031271300
28037,37,28,17031260800
28040,40,28,17031252202
28042,42,28,17031251800
28044,44,28,17031260500
28043,43,28,17031251800
28041,41,28,17031251900
28039,39,28,17031251800
28038,38,28,17031251700
28034,34,28,17031843300
28031,31,28,17031252201
28029,29,28,17031837400
28018,18,28,17031283100
28045,45,28,17031833100
28030,30,28,17031837400
28026,26,28,17031260700
28013,13,28,17031260100
28007,7,28,17031260600
28046,46,28,17031838200
28015,15,28,17031270500
29002,2,29,17031252201
29006,6,29,17031831400
29008,8,29,17031251900
29003,3,29,17031252102
29004,4,29,17031250600
29005,5,29,17031251300
29011,11,29,17031252000
29012,12,29,17031250400
29013,13,29,17031251300
29014,14,29,17031252102
29015,15,29,17031250400
29016,16,29,17031252102
29017,17,29,17031250400
29018,18,29,17031252000
29019,19,29,17031252101
29020,20,29,17031252000
29021,21,29,17031252000
29022,22,29,17031831400
29024,24,29,17031250400
29025,25,29,17031250600
29028,28,29,17031252102
29033,33,29,17031251400
29034,34,29,17031831400
29035,35,29,17031251400
29036,36,29,17031250400
29037,37,29,17031251300
29040,40,29,17031250600
29041,41,29,17031250600
29042,42,29,17031252102
29044,44,29,17031251400
29027,27,29,17031251300
29026,26,29,17031251400
29023,23,29,17031250500
29030,30,29,17031831600
29031,31,29,17031171000
29032,32,29,17031170800
29038,38,29,17031831600
29039,39,29,17031180100
29043,43,29,17031250500
29007,7,29,17031250500
29001,1,29,17031250500
29029,29,29,17031170900
29010,10,29,17031250500
29009,9,29,17031250500
30005,5,30,17031190402
30011,11,30,17031190601
30013,13,30,17031190401
30016,16,30,17031190401
30002,2,30,17031190402
30003,3,30,17031831100
30006,6,30,17031190602
30007,7,30,17031161200
30008,8,30,17031831100
30009,9,30,17031151100
30010,10,30,17031190602
30012,12,30,17031190402
30014,14,30,17031190701
30015,15,30,17031160900
30018,18,30,17031210502
30019,19,30,17031190702
30028,28,30,17031161300
30027,27,30,17031151002
30026,26,30,17031161200
30025,25,30,17031210501
30024,24,30,17031210502
30023,23,30,17031161300
30022,22,30,17031831100
30021,21,30,17031171100
30020,20,30,17031831700
30017,17,30,17031151200
30004,4,30,17031151100
30001,1,30,17031150800
30029,29,30,17031190601
30030,30,30,17031190601
30031,31,30,17031161200
30032,32,30,17031831100
37011,11,37,17031251500
37039,39,37,17031251600
37001,1,37,17031251900
37002,2,37,17031230600
37003,3,37,17031842100
37004,4,37,17031842100
37005,5,37,17031250700
37006,6,37,17031250700
37007,7,37,17031842100
37008,8,37,17031842100
37009,9,37,17031251500
37010,10,37,17031250200
37012,12,37,17031230600
37013,13,37,17031231200
37014,14,37,17031831300
37015,15,37,17031251100
37016,16,37,17031250300
37017,17,37,17031251500
37018,18,37,17031251200
37019,19,37,17031231200
37020,20,37,17031251100
37021,21,37,17031842100
37022,22,37,17031831300
37023,23,37,17031250700
37024,24,37,17031250300
37025,25,37,17031251200
37026,26,37,17031250300
37027,27,37,17031251700
37028,28,37,17031842100
37029,29,37,17031251200
37030,30,37,17031251600
37031,31,37,17031250800
37032,32,37,17031250700
37033,33,37,17031251100
37034,34,37,17031251600
37035,35,37,17031251200
37036,36,37,17031251100
37037,37,37,17031251500
37038,38,37,17031250700
37040,40,37,17031250800
37041,41,37,17031250300
38002,2,38,17031760802
38004,4,38,17031171000
38005,5,38,17031171000
38006,6,38,17031170800
38007,7,38,17031760802
38009,9,38,17031170700
38010,10,38,17031171000
38012,12,38,17031760802
38013,13,38,17031170400
38016,16,38,17031170300
38017,17,38,17031170500
38020,20,38,17031760802
38024,24,38,17031170600
38027,27,38,17031170500
38028,28,38,17031170500
38029,29,38,17031170400
38030,30,38,17031170700
38001,1,38,17031150300
38003,3,38,17031170300
38008,8,38,17031170300
38011,11,38,17031150402
38014,14,38,17031150501
38015,15,38,17031150502
38018,18,38,17031150501
38019,19,38,17031170100
38021,21,38,17031150502
38022,22,38,17031150401
38023,23,38,17031150600
38025,25,38,17031150501
38026,26,38,17031150502
38033,33,38,17031150402
38034,34,38,17031150700
38035,35,38,17031150700
38038,38,38,17031170300
38040,40,38,17031150402
38041,41,38,17031150300
38031,31,38,17031150300
38039,39,38,17031170200
38037,37,38,17031170200
38036,36,38,17031150401
38032,32,38,17031150300
41001,1,41,17031090100
41002,2,41,17031090100
41003,3,41,17031100700
41004,4,41,17031090200
41005,5,41,17031090200
41006,6,41,17031120100
41007,7,41,17031090300
41008,8,41,17031100400
41011,11,41,17031100200
41012,12,41,17031100700
41014,14,41,17031120100
41015,15,41,17031090200
41016,16,41,17031100200
41017,17,41,17031100300
41018,18,41,17031100400
41019,19,41,17031120200
41020,20,41,17031100300
41021,21,41,17031100200
41022,22,41,17031100200
41024,24,41,17031100700
41025,25,41,17031760803
41027,27,41,17031980000
41028,28,41,17031760801
41029,29,41,17031760801
41030,30,41,17031100600
41031,31,41,17031100300
41033,33,41,17031100500
41034,34,41,17031100500
41035,35,41,17031100200
41036,36,41,17031100500
41037,37,41,17031100300
41039,39,41,17031120100
41040,40,41,17031090100
41041,41,41,17031100400
41042,42,41,17031090200
41043,43,41,17031100300
41045,45,41,17031100500
41046,46,41,17031100300
41047,47,41,17031120100
41023,23,41,17031810400
41044,44,41,17031090200
41038,38,41,17031100600
41032,32,41,17031100200
41026,26,41,17031100300
41013,13,41,17031810400
41010,10,41,17031090200
41009,9,41,17031120200
43001,1,43,17031071700
43002,2,43,17031070400
43003,3,43,17031071800
43004,4,43,17031071500
43005,5,43,17031832600
43006,6,43,17031070300
43007,7,43,17031071200
43008,8,43,17031071400
43009,9,43,17031071600
43010,10,43,17031832600
43011,11,43,17031071100
43012,12,43,17031071400
43013,13,43,17031070101
43014,14,43,17031071600
43015,15,43,17031071500
43016,16,43,17031070300
43017,17,43,17031071300
43018,18,43,17031070500
43019,19,43,17031071500
43020,20,43,17031071300
43021,21,43,17031070200
43022,22,43,17031070200
43023,23,43,17031832600
43024,24,43,17031071400
43025,25,43,17031070101
43027,27,43,17031070101
43028,28,43,17031080100
43029,29,43,17031071200
43031,31,43,17031070400
43032,32,43,17031071400
43033,33,43,17031080100
43034,34,43,17031070101
43035,35,43,17031080100
43036,36,43,17031070102
43038,38,43,17031080100
43039,39,43,17031071000
43040,40,43,17031070200
43041,41,43,17031071100
43042,42,43,17031070200
43043,43,43,17031080100
43044,44,43,17031071300
43037,37,43,17031070103
43030,30,43,17031071000
43026,26,43,17031070101
43045,45,43,17031071700
43046,46,43,17031070300
45004,4,45,17031161000
45001,1,45,17031160900
45008,8,45,17031831700
45007,7,45,17031160200
45006,6,45,17031161100
45005,5,45,17031161100
45003,3,45,17031160900
45045,45,45,17031100600
45048,48,45,17031100700
45009,9,45,17031150800
45027,27,45,17031110300
45036,36,45,17031110501
45034,34,45,17031110502
45041,41,45,17031110100
45012,12,45,17031150200
45024,24,45,17031110300
45025,25,45,17031110300
45015,15,45,17031150200
45026,26,45,17031110300
45023,23,45,17031110300
45042,42,45,17031100100
45040,40,45,17031110200
45010,10,45,17031150800
45037,37,45,17031110100
45011,11,45,17031150200
45038,38,45,17031110200
45043,43,45,17031100100
45035,35,45,17031110501
45030,30,45,17031150200
45033,33,45,17031110501
45031,31,45,17031110502
45014,14,45,17031150200
45032,32,45,17031120400
45021,21,45,17031110400
45022,22,45,17031110300
45039,39,45,17031110100
45018,18,45,17031150401
45019,19,45,17031110502
45017,17,45,17031150300
45013,13,45,17031150200
45028,28,45,17031110400
45044,44,45,17031100100
45020,20,45,17031110400
45002,2,45,17031160900
45047,47,45,17031100700
45046,46,45,17031100600
45029,29,45,17031110400
45016,16,45,17031150300
47001,1,47,17031831900
47006,6,47,17031831900
47009,9,47,17031051200
47011,11,47,17031062500
47015,15,47,17031031100
47019,19,47,17031031100
47023,23,47,17031031100
47030,30,47,17031031000
47002,2,47,17031050500
47003,3,47,17031050200
47004,4,47,17031050500
47005,5,47,17031031900
47007,7,47,17031050900
47008,8,47,17031050200
47010,10,47,17031830800
47012,12,47,17031050100
47013,13,47,17031040800
47014,14,47,17031050200
47016,16,47,17031050300
47017,17,47,17031050300
47018,18,47,17031060100
47020,20,47,17031040401
47021,21,47,17031050300
47022,22,47,17031040600
47024,24,47,17031060100
47025,25,47,17031060200
47026,26,47,17031040402
47027,27,47,17031050600
47028,28,47,17031050200
47029,29,47,17031050600
47031,31,47,17031031800
47032,32,47,17031031000
47034,34,47,17031031800
47035,35,47,17031050500
47036,36,47,17031830800
47037,37,47,17031050100
47038,38,47,17031040402
47039,39,47,17031060200
47040,40,47,17031040800
47041,41,47,17031031900
47042,42,47,17031040700
47043,43,47,17031060300
47044,44,47,17031060400
47045,45,47,17031040900
47047,47,47,17031050700
47048,48,47,17031843700
47046,46,47,17031843700
47033,33,47,17031060300
48020,20,48,17031030200
48001,1,48,17031030500
48002,2,48,17031030800
48003,3,48,17031030701
48004,4,48,17031031300
48005,5,48,17031030604
48006,6,48,17031030703
48007,7,48,17031030800
48008,8,48,17031030601
48009,9,48,17031030702
48010,10,48,17031030800
48011,11,48,17031030800
48012,12,48,17031030703
48013,13,48,17031030102
48014,14,48,17031030706
48015,15,48,17031030103
48016,16,48,17031030601
48017,17,48,17031031300
48018,18,48,17031030601
48019,19,48,17031030800
48021,21,48,17031031200
48046,46,48,17031030104
48023,23,48,17031031300
48024,24,48,17031031300
48026,26,48,17031030601
48027,27,48,17031030104
48028,28,48,17031030706
48029,29,48,17031030706
48030,30,48,17031030200
48031,31,48,17031030101
48032,32,48,17031030102
48033,33,48,17031030101
48035,35,48,17031031200
48036,36,48,17031030706
48037,37,48,17031030500
48038,38,48,17031030200
48039,39,48,17031030604
48042,42,48,17031030500
48044,44,48,17031030500
48043,43,48,17031030706
48041,41,48,17031030603
48040,40,48,17031030500
48034,34,48,17031030200
48025,25,48,17031030200
48045,45,48,17031030200
48022,22,48,17031030101
49002,2,49,17031010600
49012,12,49,17031010502
49018,18,49,17031010600
49001,1,49,17031010100
49003,3,49,17031010702
49004,4,49,17031830600
49005,5,49,17031010202
49006,6,49,17031010100
49007,7,49,17031010400
49008,8,49,17031020100
49009,9,49,17031010400
49010,10,49,17031010701
49011,11,49,17031010202
49013,13,49,17031010701
49014,14,49,17031010300
49015,15,49,17031010201
49016,16,49,17031010300
49017,17,49,17031010503
49019,19,49,17031010201
49021,21,49,17031020100
49022,22,49,17031010600
49023,23,49,17031010600
49024,24,49,17031010201
49025,25,49,17031010502
49027,27,49,17031010501
49029,29,49,17031010400
49031,31,49,17031010100
49030,30,49,17031010300
49026,26,49,17031010501
49028,28,49,17031830600
49020,20,49,17031010600
49032,32,49,17031010100
49033,33,49,17031010201
26038,38,26,17031230500
26046,46,26,17031242800
04028,28,4,17031350100
04010,10,4,17031390100
07009,9,7,17031431400
24025,25,24,17031290900
