precinct_number,precinct_objectid,tract_geoid
7000003,1,17031804202
7000005,2,17031804201
7000002,3,17031804202
7000006,4,17031804201
7000001,5,17031804202
7000010,6,17031804202
7000008,7,17031804201
7000011,8,17031804201
7000007,9,17031804201
7000009,10,17031804201
7000004,11,17031804201
9908003,12,17031814600
9908001,13,17031814700
9908002,14,17031814600
9907004,15,17031814700
9906001,16,17031815000
9907001,17,17031814800
9906004,18,17031814900
9906003,19,17031814900
9906002,20,17031814900
9905001,21,17031815000
9907003,22,17031814800
9903001,23,17031814800
9903003,24,17031815300
9904004,25,17031815100
9907002,26,17031814800
9904003,27,17031815100
9903004,28,17031815300
9905003,29,17031815100
9904002,30,17031815200
9903002,31,17031815300
9903005,32,17031815400
9904001,33,17031815200
9902001,34,17031815200
9901004,35,17031815400
9901001,36,17031815400
9901005,37,17031815400
9901002,38,17031815500
9905002,39,17031814600
9902004,40,17031815200
9901003,41,17031815500
9902003,42,17031815500
9902002,43,17031815500
7100001,44,17031828801
7100020,45,17031828601
7100033,46,17031828701
7100048,47,17031828602
7100045,48,17031828701
7100030,49,17031828602
7100024,50,17031828702
7100058,51,17031828601
7100019,52,17031828602
7100034,53,17031828602
7100042,54,17031828801
7100059,56,17031828801
7100057,57,17031828802
7100050,58,17031828801
7100047,59,17031828601
7100040,60,17031828602
7100055,61,17031828504
7100010,62,17031829700
7100041,63,17031828506
7100014,64,17031828505
7100005,65,17031828505
7100044,66,17031828505
7100036,67,17031828506
7100002,68,17031828601
7100038,69,17031828505
7100018,70,17031828505
7100022,71,17031828506
7100021,72,17031829700
7100029,74,17031829700
7100037,75,17031828702
7100060,76,17031828702
7100006,77,17031829700
7100054,79,17031828900
7100039,80,17031829000
7100061,81,17031829200
7100031,82,17031829301
7100004,84,17031829302
7100025,85,17031829200
7100051,86,17031829302
7100017,87,17031829402
7100052,88,17031829401
7100046,89,17031829100
7100013,90,17031829402
7100008,92,17031829600
7100011,93,17031829600
7100023,94,17031828503
7100027,95,17031828503
7100026,96,17031828504
7100032,97,17031828504
7100007,98,17031829700
7100053,99,17031828504
7100043,100,17031828506
7100016,101,17031828506
7100056,102,17031828802
7100049,103,17031828702
7200053,104,17031824601
7200050,105,17031824506
7200072,106,17031824506
7200058,107,17031824506
7200079,108,17031824505
7200036,109,17031824506
7200076,110,17031824506
7200054,111,17031824601
7200003,112,17031825505
7200042,113,17031824602
7200018,114,17031825000
7200062,115,17031825000
7200020,116,17031824505
7200077,117,17031825400
7200034,118,17031825303
7200067,119,17031825400
7200057,120,17031825400
7200022,121,17031825302
7200009,122,17031825303
7200073,123,17031825303
7200059,124,17031824507
7200046,125,17031824505
7200027,126,17031824505
7200033,127,17031824507
7200069,128,17031824507
7200049,129,17031825503
7200074,130,17031825200
7200024,131,17031825302
7200071,132,17031825501
7200064,133,17031824506
7200011,134,17031824503
7200048,135,17031825501
7200051,136,17031825503
7200026,137,17031825503
7200075,138,17031825503
7200032,139,17031825503
7200029,140,17031825505
7200080,141,17031825505
7200040,142,17031825505
7200070,143,17031825505
7200063,144,17031825504
7200056,145,17031825501
7200068,146,17031824503
7200021,147,17031825600
7200015,148,17031824702
7200006,149,17031824702
7200043,150,17031824800
7200045,151,17031824800
7200060,152,17031824503
7200016,153,17031824503
7200025,154,17031824601
7200030,155,17031824601
7200004,156,17031824602
7200005,157,17031824701
7200028,158,17031824701
7200052,159,17031824702
7200061,160,17031825000
7200012,161,17031824900
7200066,162,17031825503
7200035,163,17031825600
7200007,164,17031825600
7200044,165,17031824900
7200038,166,17031825600
7200039,167,17031825600
7200055,168,17031824800
7200014,169,17031824800
7200065,170,17031824300
7200019,171,17031824300
7200013,172,17031824400
7200023,173,17031824400
7200001,174,17031824300
7200037,175,17031824300
7200017,176,17031824300
7200002,177,17031825302
7200010,178,17031825000
7200041,179,17031824702
7200047,180,17031825501
7200008,181,17031825504
7200078,182,17031825501
7200031,183,17031825501
7300011,184,17031821402
7300007,185,17031821300
7300008,186,17031821300
7300001,187,17031821300
7300002,188,17031821200
7300010,189,17031821402
7300012,190,17031821401
7300005,191,17031821401
7300009,192,17031821402
7300006,193,17031821200
7300003,194,17031821200
7300004,195,17031821500
9800015,196,17031813500
9800016,197,17031813400
9800017,198,17031813400
9800021,199,17031813500
9800002,200,17031813302
9800024,201,17031813600
9800031,202,17031814000
9800027,203,17031813500
9800023,204,17031813400
9800003,205,17031813900
9800030,206,17031814100
9800007,207,17031813701
9800009,208,17031813702
9800004,209,17031813801
9800029,210,17031814200
9800018,211,17031813900
9800028,212,17031814100
9800022,213,17031814100
9800012,214,17031814500
9800014,215,17031814400
9800010,216,17031814300
9800025,217,17031814300
9800032,218,17031814200
9800026,219,17031814200
9800005,220,17031814500
9800008,221,17031813802
9800006,222,17031814200
9800011,223,17031814400
9800013,224,17031814400
9800020,225,17031814400
9800001,226,17031813302
9800019,227,17031814100
7400033,228,17031770300
7400029,229,17031770202
7400020,230,17031770300
7400013,231,17031770300
7400009,232,17031770202
7400043,233,17031770202
7400004,234,17031770400
7400003,235,17031770300
7400018,236,17031770300
7400040,237,17031770300
7400032,238,17031805002
7400037,239,17031804902
7400035,240,17031805107
7400021,241,17031805108
7400038,242,17031805111
7400031,243,17031805112
7400015,244,17031805111
7400049,245,17031805112
7400023,246,17031804902
7400030,247,17031804902
7400034,248,17031804901
7400010,249,17031805001
7400025,250,17031805001
7400011,251,17031805001
7400026,252,17031805002
7400039,253,17031805002
7400014,254,17031805106
7400052,255,17031805105
7400028,256,17031805105
7400041,257,17031805110
7400048,258,17031805110
7400006,259,17031805110
7400001,260,17031804901
7400022,261,17031805108
7400007,262,17031804901
7400046,263,17031805106
7400019,264,17031805109
7400042,265,17031805107
7400008,266,17031805110
7400044,267,17031805110
7400016,268,17031804902
7400005,269,17031804901
7400024,270,17031805111
7400002,271,17031770201
7400045,272,17031770201
7400027,273,17031805109
7400036,274,17031770500
7400017,275,17031770300
7400012,276,17031770201
7400047,277,17031770202
7400051,278,17031770202
7400050,279,17031805108
7507002,280,17031808800
7507004,281,17031809100
7508001,282,17031810301
7509002,283,17031810301
7506006,284,17031809000
7505004,285,17031809200
7503006,286,17031810000
7503001,287,17031809900
7509003,288,17031810100
7509001,289,17031810100
7509005,290,17031810302
7509006,291,17031810100
7508003,292,17031810200
7503007,293,17031810000
7503005,294,17031810000
7503003,295,17031810000
7503004,296,17031809400
7502003,297,17031809600
7504001,298,17031809800
7501002,299,17031808702
7509004,300,17031810302
7502005,301,17031810301
7508004,302,17031810200
7505001,303,17031809200
7508002,304,17031810200
7503002,305,17031809900
7505003,306,17031809200
7505002,307,17031809300
7507003,308,17031808702
7504004,309,17031809600
7504002,310,17031809800
7501004,311,17031809400
7504006,312,17031809500
7700008,313,17031824005
7700006,314,17031824003
7800031,315,17031811800
7800022,316,17031811000
7800009,317,17031811000
7800011,318,17031811100
7800020,319,17031811200
7800030,320,17031811200
7800021,321,17031811302
7800048,322,17031811301
7800016,323,17031811402
7800015,324,17031811800
7800033,325,17031811301
7800029,326,17031811301
7800043,327,17031811402
7800041,328,17031811301
7800047,329,17031811702
7800035,330,17031811800
7800024,331,17031811702
7800014,332,17031810900
7800013,333,17031810900
7800034,334,17031810702
7800039,335,17031810800
7800036,336,17031810701
7800028,337,17031810701
7800037,338,17031811100
7800038,339,17031770700
7800050,340,17031810800
7800010,341,17031810900
7900026,342,17031820000
7900040,343,17031819900
7900024,344,17031819801
7900039,345,17031819801
7900021,346,17031819801
7900018,347,17031819700
7900016,348,17031819700
7900045,349,17031819300
7900066,350,17031819200
7900001,351,17031819100
7900002,352,17031819300
7900007,353,17031819500
7900019,354,17031819100
7900057,355,17031820400
7900060,356,17031820400
7900065,357,17031820502
7900008,358,17031820502
7900038,359,17031820502
7900056,360,17031820400
7900032,361,17031820501
7900077,362,17031820501
8200018,363,17031806801
8200050,364,17031808400
8200038,365,17031808400
8200059,366,17031808500
8200057,367,17031808500
8200062,368,17031806900
8200037,369,17031807000
8200022,370,17031807000
8200060,371,17031806801
8200023,372,17031806802
8200064,373,17031806801
8200031,374,17031806700
8200028,375,17031806700
8200049,376,17031806700
8200047,377,17031806802
8200019,378,17031807100
8200008,379,17031807100
8200058,380,17031808302
8200043,381,17031808200
8200021,382,17031807100
8200013,383,17031808200
8200053,384,17031808301
9700095,386,17031823604
9700023,388,17031823602
9700089,389,17031823602
9700079,390,17031823602
9700018,391,17031823605
9700051,392,17031823102
9700067,393,17031823101
9700006,394,17031823101
9700083,395,17031823001
9700076,396,17031822400
9700021,397,17031822400
9700026,398,17031822302
9700033,399,17031822302
9700027,400,17031822500
9700046,401,17031822500
9700048,402,17031822102
9700003,403,17031822101
9700036,404,17031822102
9700084,405,17031822802
9700041,406,17031822801
9700080,407,17031821600
9700029,408,17031821600
9700092,409,17031822701
9700093,410,17031822701
7507001,411,17031809100
7506005,412,17031809100
7506003,413,17031808900
7508005,414,17031810200
7506004,415,17031809000
7506002,416,17031808900
7506001,417,17031809000
7502001,418,17031809500
7502002,419,17031809600
7504003,420,17031809400
7507006,421,17031808702
7501001,422,17031808702
7504005,423,17031809700
7506007,424,17031809000
7502004,425,17031809700
7501003,426,17031808800
7507005,427,17031808800
7600010,428,17031804311
7600030,429,17031804403
7600014,430,17031804311
7600041,431,17031804403
7600035,432,17031804404
7600013,433,17031804404
7600027,434,17031804311
7600001,435,17031804507
7600004,436,17031804404
7600029,437,17031804405
7600009,438,17031804506
7600024,439,17031804511
7600012,440,17031804510
7600042,441,17031804507
7600026,442,17031804507
7600020,443,17031804406
7600037,444,17031804305
7600025,445,17031804310
7600006,446,17031804306
7600005,447,17031804310
7600038,448,17031804506
7600036,449,17031804308
7600022,450,17031804305
7600028,451,17031804308
7600011,452,17031804309
7600043,453,17031804308
7600017,454,17031804309
7600018,455,17031804509
7600002,456,17031804310
7600008,457,17031804310
7600016,458,17031804507
7600003,459,17031804406
7600039,460,17031804507
7600032,461,17031804406
7600033,462,17031804305
7600040,463,17031804310
7600031,464,17031804506
7600044,465,17031804505
7600015,466,17031804510
7600034,467,17031804508
7600023,468,17031804505
7600019,469,17031804701
7600007,470,17031804310
7600021,471,17031804310
7700012,472,17031824006
7700001,473,17031824004
7700003,474,17031824004
7700002,475,17031824004
7700014,476,17031824003
7700009,477,17031824006
7700011,478,17031824006
7700013,479,17031824005
7700007,480,17031824005
7700004,481,17031824003
7700010,482,17031824003
7700005,483,17031824004
7800018,484,17031811500
7800002,485,17031811600
7800025,486,17031811600
7800001,487,17031770800
7800026,488,17031811000
7800012,489,17031770700
7800023,490,17031805702
7800042,491,17031770902
7800017,492,17031770800
7800027,493,17031811600
7800045,494,17031770800
7800044,495,17031811600
7800005,496,17031811500
7800032,497,17031811701
7800040,498,17031811701
7800004,499,17031811701
7800046,500,17031811401
7800006,501,17031811401
7800007,502,17031811401
7800008,503,17031811200
7800019,504,17031811100
7800049,505,17031810800
7800003,506,17031810702
7900034,507,17031820606
7900074,508,17031820605
7900049,509,17031820202
7900022,510,17031819100
7900005,511,17031820104
7900037,512,17031819200
7900064,513,17031820202
7900003,514,17031819200
7900014,515,17031819700
7900023,516,17031820606
7900012,517,17031820101
7900017,518,17031820101
7900027,519,17031820000
7900036,520,17031820201
7900063,521,17031820201
7900046,523,17031820201
7900059,524,17031819100
7900067,525,17031819400
7900006,526,17031819400
7900004,527,17031819400
7900009,528,17031819600
7900011,529,17031819600
7900015,530,17031819700
7900020,531,17031819801
7900030,532,17031820202
7900048,533,17031820501
7900035,534,17031820603
7900062,535,17031820201
7900033,536,17031820501
7900075,537,17031820501
7900058,538,17031820605
7900071,539,17031820603
7900029,540,17031820603
7900051,541,17031820604
7900078,542,17031820201
7900076,544,17031820202
7900052,545,17031820201
7900044,546,17031819802
7900055,547,17031819900
7900069,548,17031819802
7900010,549,17031820103
7900050,550,17031819600
7900072,551,17031819600
7900068,552,17031820104
7900047,553,17031820103
7900043,554,17031819700
7900025,555,17031820103
7900054,556,17031820104
7900042,557,17031820101
7900028,558,17031820101
7900031,559,17031820101
7900073,560,17031820101
7900061,561,17031820101
7900070,562,17031820605
7900013,563,17031820605
8000030,564,17031805502
8000020,565,17031805802
8000047,566,17031806502
8000008,567,17031770602
8000041,568,17031806600
8000037,569,17031805701
8000087,570,17031805802
8000036,571,17031805802
8000050,572,17031805802
8000067,573,17031805801
8000065,574,17031805801
8000058,575,17031805902
8000039,576,17031805402
8000055,577,17031805402
8000029,578,17031805501
8000043,579,17031805502
8000083,580,17031805902
8000075,581,17031805402
8000046,582,17031805401
8000032,583,17031805402
8000024,584,17031805600
8000025,585,17031805600
8000085,586,17031805901
8000060,587,17031805902
8000082,588,17031805901
8000054,589,17031805600
8000027,590,17031805600
8000072,591,17031805401
8000088,592,17031805501
8000022,593,17031805802
8000042,594,17031805701
8000005,595,17031806001
8000076,596,17031805202
8000004,597,17031806103
8000052,598,17031805202
8000019,599,17031806103
8000038,600,17031806102
8000009,601,17031806201
8000010,602,17031806202
8000061,603,17031806300
8000035,604,17031806102
8000044,605,17031805202
8000071,606,17031805302
8000063,607,17031805302
8000062,608,17031805302
8000028,609,17031806002
8000081,610,17031806004
8000040,611,17031805302
8000086,612,17031806104
8000089,613,17031806004
8000033,614,17031806003
8000092,615,17031806002
8000084,616,17031806004
8000015,617,17031805301
8000077,618,17031806103
8000070,619,17031805901
8000090,620,17031805301
8000051,621,17031806004
8000014,622,17031806202
8000074,623,17031805201
8000045,624,17031806002
8000079,625,17031806501
8000003,626,17031806102
8000091,627,17031805802
8000034,628,17031806201
8000021,629,17031805701
8000006,630,17031806300
8000064,631,17031806103
8000048,632,17031806300
8000017,633,17031806400
8000068,634,17031770601
8000007,635,17031770601
8000016,636,17031806400
8000053,637,17031806502
8000018,638,17031806502
8000049,639,17031806600
8000080,640,17031805701
8000023,641,17031806104
8000001,642,17031806004
8000073,643,17031806004
8000013,644,17031805901
8000002,645,17031806001
8000078,646,17031806001
8000057,647,17031806003
8000069,648,17031805201
8000031,649,17031805201
8000012,650,17031805901
8000066,651,17031770602
8000056,652,17031770602
8000059,653,17031805402
8000026,654,17031806202
8000011,655,17031806202
8100002,656,17031800200
8100005,657,17031800200
8100004,658,17031800200
8100038,659,17031801300
8100039,660,17031801400
8100032,661,17031801100
8100015,662,17031800700
8100033,663,17031801100
8100034,664,17031800900
8100013,665,17031801400
8100041,666,17031800500
8100003,667,17031801000
8100014,668,17031800500
8100027,669,17031801100
8100010,671,17031800300
8100012,672,17031800500
8100019,673,17031800800
8100020,674,17031800800
8100030,675,17031801200
8100018,676,17031801200
8100031,677,17031801300
8100036,678,17031801300
8100028,679,17031801000
8100024,680,17031800900
8100017,681,17031801000
8100026,682,17031800900
8100029,683,17031800700
8100040,684,17031800700
8100025,685,17031800700
8100022,686,17031800700
8100008,687,17031800400
8100021,688,17031801000
8100001,690,17031800100
8100037,691,17031801300
8100035,692,17031801200
8100023,693,17031800600
8100016,694,17031800400
8100009,695,17031800400
8100007,696,17031800100
8200003,697,17031808600
8200011,698,17031808600
8200007,699,17031806900
8200054,700,17031808301
8200035,701,17031808302
8200010,702,17031808301
8200016,703,17031807300
8200027,704,17031807300
8200048,705,17031806802
8200041,706,17031807300
8200039,707,17031807300
8200015,708,17031807700
8200045,709,17031807200
8200024,710,17031807400
8200017,711,17031807400
8200063,712,17031807500
8200014,713,17031807200
8200036,714,17031807200
8200044,715,17031807500
8200033,716,17031807200
8200012,717,17031807600
8200009,718,17031808100
8200001,719,17031808100
8200002,720,17031808100
8200020,721,17031807700
8200034,722,17031807700
8200026,723,17031807800
8200040,724,17031807800
8200006,725,17031807900
8200056,726,17031807900
8200055,727,17031807400
8200061,728,17031807600
8200025,729,17031807600
8200046,730,17031808001
8200042,731,17031807600
8200030,732,17031808001
8200052,733,17031808001
8200051,734,17031808002
8200004,735,17031808002
8200005,736,17031808002
8200029,737,17031808002
8200032,738,17031806900
8300054,739,17031801601
8300045,740,17031801500
8300028,741,17031801800
8300058,742,17031801601
8300055,743,17031801500
8300047,744,17031801601
8300040,745,17031801500
8300003,746,17031801601
8300015,747,17031801500
8300043,748,17031801608
8300037,749,17031801800
8300009,750,17031801800
8300056,751,17031801901
8300039,752,17031801603
8300053,753,17031802300
8300032,754,17031801605
8300011,755,17031801606
8300029,756,17031801702
8300026,757,17031801500
8300034,758,17031801608
8300041,759,17031801608
8300048,760,17031801608
8300038,761,17031802002
8300010,762,17031802002
8300006,763,17031802200
8300044,764,17031802002
8300012,765,17031802200
8300024,766,17031802100
8300030,767,17031802100
8300021,768,17031802002
8300019,769,17031802200
8300031,770,17031801902
8300023,771,17031801800
8300008,772,17031801800
8300020,773,17031801608
8300014,774,17031801702
8300049,775,17031801606
8300050,776,17031801606
8300016,777,17031801605
8300022,778,17031801605
8300033,779,17031801607
8300046,780,17031801702
8300002,781,17031801701
8300057,782,17031801607
8300059,783,17031801607
8300027,784,17031801603
8300061,785,17031801607
8300013,786,17031801607
8300036,787,17031801606
8300060,788,17031801606
8300017,789,17031801605
8300018,790,17031801701
8300042,791,17031801901
8300052,792,17031801901
8300004,793,17031802004
8300001,794,17031802004
8300062,795,17031801701
8300025,796,17031802003
8300051,797,17031802300
8300007,798,17031802300
8300005,799,17031802003
8300035,800,17031801902
8400011,801,17031810400
8400013,802,17031810501
8400006,803,17031810501
8400009,804,17031810501
8400002,805,17031810501
8400005,806,17031770901
8400008,807,17031810501
8400017,808,17031770901
8400004,809,17031810502
8400016,810,17031810502
8400015,811,17031810600
8400007,812,17031770902
8400014,813,17031810400
8400003,814,17031810400
8400010,815,17031100500
8400001,816,17031810600
8400012,817,17031810502
8500032,818,17031812600
8500004,819,17031812200
8500002,820,17031812200
8500001,821,17031812100
8500007,822,17031812200
8500005,823,17031812302
8500008,824,17031812100
8500018,825,17031812302
8500010,826,17031812100
8500014,827,17031812400
8500030,828,17031812500
8500011,829,17031812500
8500020,830,17031812301
8500022,831,17031812301
8500023,832,17031812302
8500024,833,17031812400
8500019,834,17031812801
8500026,835,17031812500
8500037,836,17031812802
8500035,837,17031812700
8500028,838,17031812801
8500034,839,17031812600
8500006,840,17031812700
8500012,841,17031812700
8500021,842,17031812600
8500036,843,17031812900
8500009,844,17031812900
8500003,845,17031813000
8500015,846,17031813000
8500027,847,17031812900
8500016,848,17031812900
8500029,849,17031813200
8500013,850,17031813000
8500017,851,17031813200
8500033,852,17031813100
8500031,853,17031813200
8500025,854,17031813100
8600064,855,17031824116
8600020,856,17031824113
8600056,857,17031824114
8600004,858,17031824114
8600001,859,17031824116
8600055,860,17031824105
8600033,861,17031824503
8600021,862,17031824503
8600054,863,17031824105
8600035,864,17031824105
8600010,865,17031824105
8600037,866,17031824105
8600007,867,17031824115
8600028,868,17031824106
8600034,869,17031824506
8600062,870,17031824107
8600022,871,17031824120
8600009,872,17031824120
8600016,873,17031824113
8600053,874,17031824114
8600002,875,17031824116
8600029,876,17031824114
8600075,877,17031824120
8600052,878,17031824107
8600032,879,17031824106
8600048,880,17031824106
8600030,881,17031824107
8600031,882,17031824115
8600038,883,17031824116
8600040,884,17031824106
8600068,885,17031824120
8600027,886,17031824107
8600017,887,17031824123
8600006,888,17031824123
8600071,889,17031824120
8600015,890,17031824119
8600065,891,17031824120
8600019,892,17031824107
8600024,893,17031824106
8600003,894,17031824108
8600025,895,17031824106
8600069,896,17031824108
8600047,897,17031824120
8600046,898,17031824121
8600013,899,17031824122
8600014,900,17031824123
8600050,901,17031824123
8600041,902,17031824122
8600074,903,17031824121
8600012,904,17031824121
8600011,905,17031824123
8600072,906,17031824123
8600049,907,17031824122
8600005,908,17031825304
8600067,909,17031825304
8600073,910,17031825400
8600063,911,17031824122
8600061,912,17031824122
8600044,913,17031824117
8600051,914,17031824117
8600058,915,17031824117
8600042,916,17031824117
8600023,917,17031824121
8600043,918,17031824117
8600045,919,17031824117
8600018,920,17031824113
8600026,921,17031824108
8600036,922,17031824120
8600060,923,17031824119
8600059,924,17031824119
8600057,925,17031824119
8600039,926,17031824119
8600008,927,17031824108
8600070,928,17031824117
8600066,929,17031824120
8700033,930,17031803608
8700058,931,17031803611
8700060,932,17031803611
8700004,933,17031803612
8700015,934,17031803608
8700020,935,17031803608
8700024,936,17031804000
8700021,937,17031804000
8700052,938,17031804109
8700062,939,17031804105
8700011,940,17031804106
8700019,941,17031804109
8700013,942,17031803902
8700005,943,17031803902
8700051,944,17031803901
8700040,945,17031803603
8700047,946,17031803901
8700039,947,17031803901
8700022,948,17031803607
8700059,949,17031803605
8700027,950,17031803605
8700054,951,17031803604
8700028,952,17031804106
8700063,953,17031804106
8700041,954,17031804106
8700016,955,17031803606
8700066,956,17031803606
8700026,957,17031803607
8700053,958,17031803607
8700025,959,17031803607
8700007,960,17031803800
8700018,961,17031803800
8700008,962,17031803800
8700064,963,17031803610
8700045,964,17031803605
8700036,965,17031804102
8700037,966,17031804104
8700065,967,17031803603
8700029,968,17031804104
8700055,969,17031803603
8700050,970,17031804105
8700043,971,17031804105
8700034,972,17031804105
8700012,973,17031804102
8700010,974,17031803608
8700067,975,17031803603
8700056,976,17031803610
8700069,977,17031803610
8700049,978,17031803608
8700061,979,17031803605
8700057,980,17031803610
8700046,981,17031803604
8700030,982,17031803604
8700014,983,17031803604
8700031,984,17031803605
8700042,985,17031803610
8700038,986,17031804102
8700006,987,17031803702
8700001,988,17031803702
8700017,989,17031803800
8700044,990,17031804102
8700048,991,17031804102
8700035,992,17031803702
8700002,993,17031803702
8700032,994,17031803702
8700023,995,17031803603
8700003,996,17031803603
8700068,997,17031804106
8700009,998,17031804102
8800019,999,17031823704
8800006,1000,17031823703
8800017,1001,17031823703
8800020,1002,17031823705
8800025,1003,17031823703
8800004,1004,17031823704
8800031,1005,17031823702
8800005,1006,17031823702
8800018,1007,17031823705
8800023,1008,17031823703
8800014,1009,17031823803
8800038,1010,17031823702
8800028,1011,17031823702
8800026,1012,17031823803
8800007,1013,17031823803
8800035,1014,17031823803
8800034,1015,17031823803
8800021,1016,17031823805
8800032,1017,17031823803
8800036,1018,17031823806
8800012,1019,17031823806
8800008,1020,17031823806
8800002,1021,17031823901
8800030,1022,17031823903
8800003,1023,17031823904
8800015,1024,17031823904
8800009,1025,17031823904
8800033,1026,17031823904
8800001,1027,17031823903
8800039,1028,17031823801
8800011,1029,17031823801
8800010,1033,17031823901
8800037,1034,17031823801
8800013,1035,17031823801
8800022,1036,17031823801
8800027,1037,17031823705
8900007,1038,17031816800
8900013,1039,17031816700
8900080,1040,17031816600
8900088,1041,17031816600
8900015,1042,17031816500
8900087,1043,17031816300
8900012,1044,17031816300
8900100,1045,17031816200
8900098,1046,17031816200
8900095,1047,17031816200
8900066,1048,17031816000
8900061,1049,17031815900
8900062,1050,17031815900
8900065,1051,17031815900
8900068,1052,17031816000
8900067,1053,17031816000
8900076,1054,17031816100
8900074,1055,17031816100
8900102,1056,17031818000
8900008,1057,17031816100
8900072,1058,17031816100
8900073,1059,17031816100
8900063,1060,17031818700
8900029,1061,17031818800
8900090,1062,17031818800
8900001,1063,17031817400
8900002,1064,17031817400
8900021,1065,17031818600
8900027,1066,17031818800
8900075,1067,17031818900
8900011,1068,17031816402
8900096,1069,17031818900
8900026,1070,17031818900
8900055,1071,17031819000
8900023,1072,17031819000
8900046,1073,17031819000
8900070,1074,17031818500
8900003,1075,17031818401
8900060,1076,17031818300
8900016,1077,17031816800
8900014,1078,17031816401
8900049,1079,17031818300
8900078,1080,17031816500
8900009,1081,17031817000
8900030,1082,17031818300
8900071,1083,17031816800
8900064,1084,17031816900
8900091,1085,17031816800
8900017,1086,17031816900
8900039,1087,17031818300
8900099,1088,17031816900
8900082,1089,17031817000
8900083,1090,17031817000
8900056,1091,17031817500
8900010,1092,17031816402
8900093,1093,17031818401
8900031,1094,17031817101
8900058,1095,17031817500
8900022,1096,17031817101
8900019,1097,17031817102
8900047,1098,17031817200
8900052,1099,17031817300
8900069,1100,17031817200
8900045,1101,17031817200
8900053,1102,17031817300
8900018,1103,17031817101
8900041,1104,17031817101
8900094,1105,17031817102
8900020,1106,17031817102
8900043,1107,17031817700
8900042,1108,17031817700
8900086,1109,17031817700
8900040,1110,17031817700
8900036,1111,17031817500
8900004,1112,17031817600
8900037,1113,17031817600
8900005,1114,17031817900
8900033,1115,17031817900
8900044,1116,17031817700
8900050,1117,17031818200
8900034,1118,17031817900
8900079,1119,17031817900
8900038,1120,17031818000
8900081,1121,17031818000
8900051,1122,17031818100
8900092,1123,17031818200
8900101,1124,17031818100
8900059,1125,17031818200
8900057,1126,17031818401
8900077,1127,17031818402
8900085,1128,17031818401
8900035,1129,17031818500
8900028,1130,17031818500
8900084,1131,17031818500
8900006,1132,17031818500
8900097,1133,17031818600
8900054,1134,17031818600
8900024,1135,17031819000
8900025,1136,17031818900
8900089,1137,17031818700
8900032,1138,17031818800
8900048,1139,17031816900
9000046,1140,17031829901
9000015,1141,17031829902
9000034,1142,17031829902
9000011,1143,17031829800
9000029,1144,17031829800
9000031,1145,17031829800
9000045,1146,17031829800
9000042,1148,17031829902
9000033,1149,17031829800
9000021,1150,17031829901
9000006,1151,17031829902
9000001,1152,17031830003
9000044,1154,17031830003
9000037,1155,17031830003
9000028,1156,17031830003
9000048,1157,17031830004
9000025,1158,17031830004
9000030,1159,17031830004
9000036,1160,17031830004
9000005,1161,17031830005
9000039,1162,17031830005
9000019,1163,17031830001
9000035,1164,17031830005
9000050,1165,17031830001
9000026,1166,17031830006
9000012,1167,17031830202
9000002,1168,17031830005
9000032,1169,17031830100
9000027,1170,17031830100
9000010,1171,17031830300
9000016,1172,17031830400
9000008,1173,17031830300
9000013,1174,17031830300
9000014,1175,17031830400
9000024,1176,17031830202
9000022,1177,17031830202
9000017,1178,17031830400
9000004,1179,17031830201
9000051,1180,17031830201
9000043,1181,17031830201
9000049,1182,17031830007
9000040,1183,17031830007
9000038,1184,17031830007
9000009,1185,17031830008
9000018,1186,17031830008
9000023,1187,17031830008
9000020,1188,17031829901
9000007,1189,17031829901
9000047,1190,17031829902
9100001,1191,17031811900
9100003,1192,17031811900
9100007,1193,17031812000
9100006,1194,17031812000
9100005,1195,17031812000
9100004,1196,17031812000
9100008,1197,17031812000
9100002,1198,17031811900
9200007,1199,17031815600
9200011,1200,17031815800
9200006,1201,17031815600
9200012,1202,17031815600
9200009,1203,17031815701
9200010,1204,17031815701
9200002,1205,17031815702
9200003,1206,17031815702
9200008,1207,17031815701
9200004,1208,17031815702
9200013,1209,17031815600
9200001,1210,17031815702
9200005,1211,17031815702
9300012,1212,17031804716
9300028,1213,17031804714
9300042,1214,17031804713
9300007,1215,17031804709
9300002,1216,17031804603
9300058,1217,17031804713
9300015,1218,17031804714
9300031,1219,17031804705
9300071,1220,17031804716
9300075,1221,17031804809
9300033,1222,17031804809
9300064,1223,17031804606
9300026,1224,17031804610
9300047,1225,17031804606
9300054,1226,17031804609
9300068,1227,17031804608
9300001,1228,17031804715
9300009,1229,17031804709
9300035,1230,17031804706
9300027,1231,17031804701
9300044,1232,17031804701
9300017,1233,17031804609
9300056,1234,17031804606
9300076,1235,17031804606
9300052,1236,17031804606
9300043,1237,17031804701
9300078,1238,17031804711
9300053,1239,17031804710
9300072,1240,17031804608
9300034,1241,17031804712
9300020,1242,17031804712
9300077,1243,17031804711
9300060,1244,17031804711
9300070,1245,17031804803
9300032,1246,17031804710
9300057,1247,17031804607
9300074,1248,17031804607
9300067,1249,17031804607
9300073,1250,17031804607
9300011,1251,17031804803
9300069,1252,17031804607
9300005,1253,17031804709
9300051,1254,17031804806
9300021,1255,17031804809
9300016,1256,17031804803
9300062,1257,17031804804
9300019,1258,17031804804
9300010,1259,17031804804
9300024,1260,17031804807
9300046,1261,17031804807
9300022,1262,17031804807
9300039,1263,17031804712
9300049,1264,17031804715
9300045,1265,17031804701
9300038,1266,17031804806
9300036,1267,17031804805
9300013,1268,17031804805
9300023,1269,17031804805
9300063,1270,17031804808
9300055,1271,17031804809
9300025,1272,17031804609
9300014,1273,17031804810
9300040,1274,17031804810
9300061,1275,17031804803
9300066,1276,17031804611
9300030,1277,17031804805
9300050,1278,17031804810
9300048,1279,17031804611
9300037,1280,17031804611
9300059,1281,17031804611
9300008,1282,17031804709
9300018,1283,17031804705
9300006,1284,17031804710
9300003,1285,17031804603
9300029,1286,17031804710
9300065,1287,17031804712
9300004,1288,17031804716
9300041,1289,17031804810
9400016,1290,17031820700
9400019,1291,17031820700
9400017,1292,17031820700
9400010,1293,17031820800
9400001,1294,17031820800
9400015,1295,17031821102
9400009,1296,17031821101
9400003,1297,17031821102
9400020,1298,17031820902
9400005,1299,17031821101
9400011,1300,17031821002
9400006,1301,17031821002
9400007,1302,17031820902
9400013,1303,17031820901
9400008,1304,17031820901
9400014,1305,17031821002
9400018,1306,17031820901
9400004,1307,17031821001
9400012,1308,17031820901
9400002,1309,17031820700
9500031,1310,17031826800
9500032,1311,17031826800
9500097,1312,17031826800
9500052,1313,17031826700
9500096,1314,17031826700
9500070,1315,17031826700
9500093,1316,17031826600
9500033,1317,17031826600
9500046,1318,17031826600
9500077,1319,17031826500
9500088,1320,17031826402
9500015,1321,17031826500
9500022,1322,17031826402
9500045,1323,17031826401
9500072,1324,17031826401
9500121,1325,17031826402
9500034,1326,17031826402
9500008,1327,17031825801
9500087,1328,17031825801
9500053,1329,17031825802
9500048,1330,17031825802
9500078,1331,17031825802
9500085,1332,17031825700
9500099,1333,17031825700
9500001,1334,17031825700
9500005,1335,17031826000
9500002,1336,17031826000
9500075,1337,17031826401
9500009,1338,17031826201
9500003,1339,17031825900
9500010,1340,17031825900
9500094,1341,17031825802
9500035,1342,17031825803
9500120,1343,17031825803
9500006,1344,17031825803
9500074,1345,17031825803
9500083,1346,17031826304
9500086,1347,17031826303
9500084,1348,17031826301
9500004,1349,17031826500
9500119,1350,17031827000
9500101,1351,17031827000
9500103,1352,17031827000
9500030,1353,17031826800
9500049,1354,17031826800
9500071,1355,17031826901
9500036,1356,17031826901
9500110,1357,17031827400
9500104,1358,17031826902
9500107,1359,17031827901
9500102,1360,17031827400
9500113,1361,17031827400
9500111,1362,17031827100
9500109,1363,17031827300
9500098,1364,17031827300
9500108,1365,17031827100
9500039,1366,17031827200
9500041,1367,17031827200
9500092,1368,17031826301
9500073,1369,17031826301
9500105,1370,17031826303
9500115,1371,17031826303
9500081,1372,17031826303
9500063,1373,17031826201
9500040,1374,17031826304
9500055,1375,17031826201
9500012,1376,17031826100
9500011,1377,17031826100
9500014,1378,17031826100
9500029,1379,17031827600
9500060,1380,17031827400
9500116,1381,17031827500
9500112,1382,17031827500
9500037,1383,17031827801
9500042,1384,17031827200
9500021,1385,17031827802
9500076,1386,17031827802
9500089,1387,17031827802
9500007,1388,17031826201
9500064,1389,17031826201
9500038,1390,17031826202
9500079,1391,17031826202
9500106,1392,17031827600
9500095,1393,17031827600
9500069,1394,17031827600
9500122,1395,17031827804
9500054,1396,17031827804
9500091,1397,17031827804
9500017,1398,17031827902
9500013,1399,17031827902
9500058,1400,17031826202
9500061,1401,17031827902
9500016,1402,17031828000
9500065,1403,17031828000
9500051,1404,17031828100
9500018,1405,17031828201
9500056,1406,17031828000
9500066,1407,17031827805
9500027,1408,17031827901
9500090,1409,17031827805
9500020,1410,17031828300
9500059,1411,17031827700
9500028,1412,17031827700
9500025,1413,17031828401
9500024,1414,17031828401
9500067,1415,17031828401
9500023,1416,17031828402
9500080,1417,17031828300
9500043,1418,17031828100
9500057,1419,17031828100
9500047,1420,17031828100
9500068,1421,17031828202
9500050,1422,17031828202
9500114,1423,17031828202
9500019,1424,17031828201
9500117,1425,17031828201
9500082,1426,17031828300
9500123,1427,17031827500
9500044,1428,17031826600
9500100,1429,17031826401
9500062,1430,17031825700
9500118,1431,17031828402
9500026,1432,17031828401
9600064,1433,17031803012
9600066,1434,17031803013
9600091,1435,17031803010
9600072,1436,17031803010
9600081,1437,17031803010
9600011,1438,17031802702
9600012,1439,17031802605
9600065,1440,17031802701
9600059,1441,17031802802
9600056,1442,17031802701
9600084,1443,17031802701
9600061,1444,17031802605
9600016,1445,17031802609
9600075,1446,17031802605
9600085,1447,17031802605
9600062,1451,17031803016
9600049,1452,17031802506
9600088,1453,17031802402
9600017,1454,17031802503
9600043,1456,17031802605
9600032,1457,17031803200
9600009,1458,17031802404
9600089,1459,17031802404
9600001,1461,17031802402
9600067,1462,17031802402
9600063,1464,17031803005
9600071,1465,17031803005
9600044,1466,17031803008
9600087,1467,17031803008
9600053,1468,17031803008
9600046,1469,17031802900
9600054,1470,17031803015
9600077,1471,17031802609
9600047,1472,17031803014
9600080,1473,17031802609
9600083,1474,17031802605
9600042,1475,17031802702
9600070,1476,17031802503
9600079,1477,17031802503
9600045,1478,17031802802
9600025,1479,17031802802
9600018,1480,17031802802
9600039,1481,17031802802
9600023,1482,17031803400
9600082,1483,17031803400
9600028,1484,17031802608
9600026,1485,17031803400
9600020,1486,17031802801
9600078,1487,17031802801
9600040,1489,17031803100
9600010,1491,17031803200
9600031,1493,17031803300
9600007,1495,17031803500
9600035,1497,17031803500
9600041,1498,17031803500
9600005,1499,17031803300
9600008,1500,17031802900
9600057,1502,17031803100
9600068,1504,17031802900
9600086,1505,17031802608
9600021,1506,17031802900
9600027,1507,17031803015
9600037,1508,17031802504
9600029,1509,17031802505
9600058,1511,17031802608
9600019,1512,17031803500
9600051,1514,17031803013
9600006,1516,17031803013
9600048,1517,17031802504
9600050,1518,17031802504
9600076,1519,17031802505
9600038,1520,17031803013
9600074,1521,17031802404
9600033,1523,17031802404
9600014,1524,17031803400
9700086,1525,17031822900
9700002,1526,17031822101
9700074,1527,17031822400
9700066,1528,17031822400
9700030,1529,17031822301
9700044,1530,17031822302
9700094,1531,17031822200
9700099,1532,17031822200
9700001,1533,17031822301
9700025,1534,17031822500
9700058,1535,17031822101
9700040,1536,17031822102
9700053,1537,17031822000
9700082,1538,17031822000
9700047,1539,17031822000
9700096,1540,17031822102
9700072,1541,17031821700
9700052,1542,17031821700
9700038,1543,17031821600
9700010,1544,17031821900
9700032,1545,17031821700
9700063,1546,17031822702
9700031,1547,17031821600
9700077,1548,17031822802
9700013,1549,17031821800
9700054,1550,17031821800
9700087,1551,17031823303
9700015,1552,17031823304
9700078,1553,17031823002
9700024,1554,17031823400
9700062,1555,17031822702
9700005,1556,17031822702
9700049,1557,17031822802
9700035,1558,17031822601
9700100,1559,17031822801
9700085,1560,17031822601
9700060,1561,17031822601
9700037,1562,17031821600
9700011,1563,17031822601
9700028,1564,17031822602
9700090,1566,17031823001
9700098,1568,17031822602
9700004,1571,17031822602
9700071,1572,17031823102
9700081,1573,17031823102
9700007,1574,17031823605
9700064,1575,17031823605
9700012,1576,17031823200
9700042,1577,17031823200
9700008,1578,17031823302
9700034,1579,17031823302
9700088,1580,17031823303
9700073,1581,17031823303
9700097,1582,17031823304
9700055,1583,17031823304
9700059,1584,17031823302
9700019,1585,17031823500
9700020,1586,17031823400
9700068,1587,17031823400
9700017,1588,17031823400
9700014,1589,17031823500
9700009,1590,17031823304
9700039,1591,17031821900
9700057,1592,17031821900
9700045,1593,17031821700
9700069,1594,17031821800
9700016,1595,17031823200
9700022,1596,17031823200
9700075,1597,17031822801
9700065,1598,17031823604
7100003,1599,17031828701
7100015,91,17031829402
7100035,78,17031829500
7100009,73,17031829500
7100012,83,17031829302
7100028,55,17031829301
8800016,1030,17031823901
8800024,1031,17031823903
8800029,1032,17031823903
9000041,1147,17031829902
9000003,1153,17031829902
9600002,1448,17031803017
9600073,1450,17031803017
9600090,1449,17031803017
9600004,1463,17031802504
9600055,1522,17031802403
9600030,1510,17031803015
9600013,1455,17031802608
9600036,1488,17031802900
9600034,1503,17031802900
9600052,1515,17031803007
9600092,1460,17031803007
9600060,1513,17031803007
9700061,1570,17031823002
9700070,1569,17031823002
9700056,1567,17031822602
9700091,1565,17031822602
9700043,385,17031823603
9700050,387,17031823602
9600022,1496,17031803300
9600003,1492,17031803200
9600024,1490,17031803200
9600015,1501,17031803100
9600069,1494,17031803300
8100011,689,17031800300
8100006,670,17031800200
7900053,543,17031820202
7900041,522,17031820201
